Empresa;Número de Documento;Año Fiscal;Fecha de Documento;Tipo de Documento;Posición;Material;Vendedor;Cantidad;Valor en USD
1000;183456;2025;31/12/2025;VF;1;PR001;VD026;27;362,45
1000;183456;2025;31/12/2025;VF;2;PR058;VD037;14;532,00
1000;183457;2025;31/12/2025;VF;1;PR020;VD034;20;1321,78
1000;183458;2025;31/12/2025;VF;1;PR035;VD021;24;459,03
1000;183459;2025;31/12/2025;VF;1;PR016;VD027;10;56,12
1000;183460;2025;31/12/2025;VF;1;PR051;VD048;18;130,50
1000;183461;2025;31/12/2025;VF;1;PR042;VD025;27;329,40
1000;183462;2025;31/12/2025;VF;1;PR050;VD037;14;94,68
1000;183463;2025;31/12/2025;VF;1;PR001;VD036;12;166,95
1000;183464;2025;31/12/2025;VF;1;PR059;VD049;27;1071,00
1000;183465;2025;31/12/2025;VF;1;PR019;VD021;15;156,63
1000;183466;2025;31/12/2025;VF;1;PR055;VD015;18;341,62
1000;183466;2025;31/12/2025;VF;2;PR052;VD012;16;175,94
1000;183466;2025;31/12/2025;VF;3;PR052;VD043;9;94,81
1000;183467;2025;30/12/2025;VF;1;PR014;VD020;9;77,81
1000;183468;2025;30/12/2025;VF;1;PR055;VD019;9;164,82
1000;183469;2025;30/12/2025;VF;1;PR045;VD041;14;214,28
1000;183470;2025;30/12/2025;VF;1;PR053;VD013;9;94,81
1000;183471;2025;30/12/2025;VF;1;PR054;VD028;9;99,80
2000;183472;2025;30/12/2025;VF;1;PR020;VD047;27;1649,45
1000;183472;2025;30/12/2025;VF;2;PR047;VD017;12;773,07
2000;183473;2025;30/12/2025;VF;1;PR047;VD040;15;893,86
1000;183474;2025;30/12/2025;VF;1;PR003;VD033;8;116,59
1000;183475;2025;30/12/2025;VF;1;PR058;VD014;21;840,00
2000;183476;2025;30/12/2025;VF;1;PR049;VD029;12;87,73
1000;183477;2025;30/12/2025;VF;1;PR035;VD010;27;511,84
2000;183478;2025;30/12/2025;VF;1;PR003;VD024;18;274,15
2000;183479;2025;29/12/2025;VF;1;PR006;VD021;27;231,42
1000;183479;2025;29/12/2025;VF;2;PR002;VD040;24;369,69
1000;183479;2025;28/12/2025;VF;3;PR038;VD016;12;365,19
1000;183480;2025;28/12/2025;VF;1;PR027;VD035;30;740,00
1000;183480;2025;28/12/2025;VF;2;PR059;VD049;12;448,00
1000;183480;2025;27/12/2025;VF;3;PR035;VD019;21;408,76
1000;183481;2025;27/12/2025;VF;1;PR028;VD011;16;873,72
1000;183482;2025;26/12/2025;VF;1;PR018;VD016;10;70,06
2000;183483;2025;26/12/2025;VF;1;PR035;VD018;21;398,10
1000;183483;2025;25/12/2025;VF;2;PR057;VD034;9;167,81
1000;183484;2025;25/12/2025;VF;1;PR004;VD024;15;483,33
1000;183485;2025;25/12/2025;VF;1;PR014;VD011;12;103,74
2000;183486;2025;25/12/2025;VF;1;PR027;VD018;27;720,00
1000;183487;2025;25/12/2025;VF;1;PR032;VD011;24;1222,22
2000;183487;2025;25/12/2025;VF;2;PR006;VD015;27;233,41
2000;183488;2025;25/12/2025;VF;1;PR028;VD048;20;1036,62
1000;183489;2025;25/12/2025;VF;1;PR033;VD024;24;1386,13
1000;183490;2025;25/12/2025;VF;1;PR008;VD027;20;379,58
1000;183491;2025;25/12/2025;VF;1;PR013;VD048;27;229,43
1000;183492;2025;25/12/2025;VF;1;PR011;VD026;18;187,60
1000;183493;2025;25/12/2025;VF;1;PR014;VD040;24;211,03
2000;183494;2025;24/12/2025;VF;1;PR043;VD035;18;265,83
1000;183494;2025;24/12/2025;VF;2;PR037;VD036;30;933,33
1000;183494;2025;24/12/2025;VF;3;PR020;VD026;20;1232,92
1000;183495;2025;24/12/2025;VF;1;PR052;VD035;12;121,98
1000;183495;2025;24/12/2025;VF;2;PR023;VD016;27;1461,91
1000;183496;2025;24/12/2025;VF;1;PR002;VD018;9;132,81
1000;183496;2025;23/12/2025;VF;2;PR039;VD014;16;493,16
2000;183497;2025;23/12/2025;VF;1;PR060;VD044;6;232,00
1000;183498;2025;22/12/2025;VF;1;PR009;VD041;15;289,02
2000;183498;2025;22/12/2025;VF;2;PR057;VD046;15;294,67
1000;183498;2025;21/12/2025;VF;3;PR018;VD037;10;67,02
1000;183499;2025;21/12/2025;VF;1;PR022;VD023;16;1004,44
1000;183499;2025;21/12/2025;VF;2;PR020;VD023;21;1341,22
1000;183500;2025;21/12/2025;VF;1;PR043;VD039;16;253,48
1000;183501;2025;21/12/2025;VF;1;PR040;VD014;20;300,74
1000;183502;2025;21/12/2025;VF;1;PR052;VD035;30;318,81
2000;183502;2025;21/12/2025;VF;2;PR021;VD013;8;498,10
1000;183503;2025;21/12/2025;VF;1;PR050;VD015;24;169,62
1000;183504;2025;21/12/2025;VF;1;PR036;VD040;12;241,02
1000;183505;2025;20/12/2025;VF;1;PR023;VD037;12;610,87
1000;183506;2025;20/12/2025;VF;1;PR052;VD014;20;208,84
1000;183506;2025;19/12/2025;VF;2;PR051;VD018;6;40,94
2000;183507;2025;19/12/2025;VF;1;PR019;VD010;20;221,78
1000;183508;2025;19/12/2025;VF;1;PR053;VD043;16;175,94
1000;183509;2025;19/12/2025;VF;1;PR031;VD035;21;1133,81
1000;183509;2025;19/12/2025;VF;2;PR008;VD037;10;199,78
1000;183510;2025;19/12/2025;VF;1;PR010;VD023;14;130,38
1000;183511;2025;19/12/2025;VF;1;PR012;VD018;10;106,86
2000;183512;2025;19/12/2025;VF;1;PR043;VD033;12;182,06
2000;183513;2025;19/12/2025;VF;1;PR004;VD015;10;319,54
1000;183513;2025;19/12/2025;VF;2;PR045;VD027;16;247,04
1000;183514;2025;18/12/2025;VF;1;PR014;VD035;20;162,56
1000;183515;2025;18/12/2025;VF;1;PR026;VD011;15;1117,74
1000;183516;2025;18/12/2025;VF;1;PR014;VD028;30;246,05
1000;183516;2025;17/12/2025;VF;2;PR024;VD019;30;1631,59
1000;183517;2025;17/12/2025;VF;1;PR023;VD034;18;941,29
1000;183517;2025;17/12/2025;VF;2;PR010;VD028;20;194,57
1000;183517;2025;17/12/2025;VF;3;PR042;VD041;24;278,16
1000;183518;2025;17/12/2025;VF;1;PR057;VD015;24;439,51
1000;183519;2025;17/12/2025;VF;1;PR034;VD027;6;110,88
1000;183520;2025;17/12/2025;VF;1;PR031;VD024;6;310,33
1000;183521;2025;17/12/2025;VF;1;PR046;VD038;8;485,31
1000;183522;2025;16/12/2025;VF;1;PR033;VD014;12;675,74
1000;183523;2025;16/12/2025;VF;1;PR041;VD035;18;215,94
1000;183524;2025;16/12/2025;VF;1;PR001;VD045;12;174,27
1000;183525;2025;16/12/2025;VF;1;PR006;VD035;12;100,19
1000;183526;2025;16/12/2025;VF;1;PR049;VD039;10;71,89
1000;183527;2025;16/12/2025;VF;1;PR012;VD034;27;293,40
1000;183528;2025;15/12/2025;VF;1;PR060;VD019;18;672,00
1000;183529;2025;15/12/2025;VF;1;PR060;VD042;10;366,67
1000;183530;2025;15/12/2025;VF;1;PR014;VD010;18;146,30
1000;183530;2025;14/12/2025;VF;2;PR036;VD019;27;546,98
1000;183531;2025;14/12/2025;VF;1;PR035;VD012;8;159,78
1000;183532;2025;13/12/2025;VF;1;PR006;VD044;16;138,32
2000;183533;2025;13/12/2025;VF;1;PR010;VD049;20;199,56
1000;183534;2025;13/12/2025;VF;1;PR024;VD041;27;1546,41
1000;183535;2025;13/12/2025;VF;1;PR023;VD038;30;1638,23
1000;183536;2025;12/12/2025;VF;1;PR022;VD044;12;746,67
1000;183536;2025;12/12/2025;VF;2;PR053;VD010;14;150,07
2000;183537;2025;11/12/2025;VF;1;PR054;VD034;21;228,99
1000;183538;2025;11/12/2025;VF;1;PR058;VD044;15;600,00
1000;183539;2025;10/12/2025;VF;1;PR040;VD037;12;180,44
1000;183540;2025;10/12/2025;VF;1;PR031;VD037;24;1295,78
2000;183541;2025;10/12/2025;VF;1;PR009;VD011;21;404,63
1000;183542;2025;10/12/2025;VF;1;PR029;VD047;24;1258,00
1000;183543;2025;09/12/2025;VF;1;PR017;VD042;27;168,94
1000;183544;2025;09/12/2025;VF;1;PR003;VD032;24;378,13
1000;183545;2025;09/12/2025;VF;1;PR041;VD023;18;210,45
1000;183546;2025;09/12/2025;VF;1;PR029;VD036;24;1292,00
1000;183547;2025;09/12/2025;VF;1;PR054;VD034;18;196,27
1000;183548;2025;08/12/2025;VF;1;PR047;VD034;21;1319,04
1000;183549;2025;08/12/2025;VF;1;PR023;VD018;12;666,40
1000;183550;2025;08/12/2025;VF;1;PR017;VD043;18;109,63
1000;183551;2025;07/12/2025;VF;1;PR058;VD021;10;383,33
1000;183552;2025;07/12/2025;VF;1;PR012;VD031;9;96,99
1000;183553;2025;07/12/2025;VF;1;PR010;VD020;27;251,44
1000;183553;2025;06/12/2025;VF;2;PR038;VD024;24;755,78
1000;183553;2025;06/12/2025;VF;3;PR024;VD038;18;1030,94
1000;183554;2025;06/12/2025;VF;1;PR029;VD048;8;430,67
1000;183555;2025;06/12/2025;VF;1;PR040;VD022;18;263,67
1000;183555;2025;06/12/2025;VF;2;PR045;VD023;16;249,19
1000;183556;2025;06/12/2025;VF;1;PR059;VD034;18;720,00
1000;183556;2025;05/12/2025;VF;2;PR031;VD039;9;473,67
1000;183557;2025;05/12/2025;VF;1;PR059;VD036;15;555,00
1000;183558;2025;05/12/2025;VF;1;PR058;VD027;15;590,00
1000;183559;2025;04/12/2025;VF;1;PR005;VD036;27;1468,44
1000;183559;2025;04/12/2025;VF;2;PR017;VD022;18;109,63
1000;183560;2025;04/12/2025;VF;1;PR005;VD047;15;844,68
1000;183561;2025;04/12/2025;VF;1;PR015;VD022;6;56,67
1000;183562;2025;04/12/2025;VF;1;PR010;VD013;8;78,49
1000;183563;2025;04/12/2025;VF;1;PR057;VD023;27;494,45
1000;183563;2025;03/12/2025;VF;2;PR024;VD048;16;893,29
1000;183564;2025;03/12/2025;VF;1;PR050;VD019;18;126,12
2000;183565;2025;02/12/2025;VF;1;PR012;VD028;12;128,23
1000;183566;2025;02/12/2025;VF;1;PR010;VD011;12;119,73
2000;183567;2025;02/12/2025;VF;1;PR054;VD033;20;212,54
1000;183568;2025;02/12/2025;VF;1;PR007;VD031;20;356,33
1000;183569;2025;01/12/2025;VF;1;PR057;VD031;30;559,38
2000;183570;2025;01/12/2025;VF;1;PR020;VD040;18;1099,63
1000;183571;2025;01/12/2025;VF;1;PR053;VD019;12;124,20
2000;183572;2025;30/11/2025;VF;1;PR049;VD016;21;142,02
1000;183572;2025;30/11/2025;VF;2;PR026;VD018;9;664,81
1000;183573;2025;30/11/2025;VF;1;PR055;VD045;27;521,42
1000;183573;2025;30/11/2025;VF;2;PR016;VD041;30;166,91
1000;183574;2025;30/11/2025;VF;1;PR002;VD018;18;263,29
1000;183575;2025;30/11/2025;VF;1;PR021;VD013;20;1335,00
1000;183576;2025;29/11/2025;VF;1;PR042;VD046;30;335,50
1000;183576;2025;29/11/2025;VF;2;PR015;VD026;24;219,11
1000;183577;2025;29/11/2025;VF;1;PR015;VD044;18;170,00
1000;183578;2025;28/11/2025;VF;1;PR036;VD035;20;405,17
1000;183579;2025;28/11/2025;VF;1;PR029;VD040;12;668,67
1000;183579;2025;28/11/2025;VF;2;PR050;VD011;18;120,63
2000;183580;2025;28/11/2025;VF;1;PR034;VD018;9;176,80
2000;183580;2025;28/11/2025;VF;2;PR027;VD016;10;264,44
1000;183581;2025;28/11/2025;VF;1;PR015;VD043;18;161,50
1000;183582;2025;28/11/2025;VF;1;PR003;VD031;9;131,16
1000;183583;2025;28/11/2025;VF;1;PR026;VD032;10;764,60
1000;183583;2025;28/11/2025;VF;2;PR006;VD017;16;141,87
2000;183584;2025;28/11/2025;VF;1;PR050;VD015;27;187,53
1000;183584;2025;27/11/2025;VF;2;PR009;VD040;30;567,72
2000;183585;2025;27/11/2025;VF;1;PR013;VD021;15;130,78
1000;183586;2025;26/11/2025;VF;1;PR049;VD049;21;140,74
1000;183587;2025;26/11/2025;VF;1;PR004;VD035;18;541,33
2000;183588;2025;26/11/2025;VF;1;PR046;VD019;20;1245,50
1000;183589;2025;26/11/2025;VF;1;PR047;VD046;27;1637,94
1000;183590;2025;26/11/2025;VF;1;PR054;VD019;18;199,60
1000;183591;2025;25/11/2025;VF;1;PR041;VD033;27;329,40
1000;183592;2025;25/11/2025;VF;1;PR024;VD018;8;454,34
1000;183593;2025;25/11/2025;VF;1;PR024;VD048;15;866,33
1000;183594;2025;25/11/2025;VF;1;PR039;VD015;15;450,17
1000;183595;2025;25/11/2025;VF;1;PR032;VD016;27;1462,50
1000;183595;2025;25/11/2025;VF;2;PR006;VD015;24;211,03
2000;183596;2025;25/11/2025;VF;1;PR006;VD035;30;248,27
1000;183597;2025;24/11/2025;VF;1;PR051;VD024;30;210,19
1000;183597;2025;24/11/2025;VF;2;PR047;VD019;27;1695,91
1000;183598;2025;24/11/2025;VF;1;PR006;VD030;9;73,15
1000;183599;2025;24/11/2025;VF;1;PR050;VD016;27;190,82
1000;183600;2025;24/11/2025;VF;1;PR019;VD042;18;187,96
1000;183601;2025;24/11/2025;VF;1;PR044;VD011;27;398,75
1000;183602;2025;24/11/2025;VF;1;PR017;VD019;18;113,62
2000;183603;2025;23/11/2025;VF;1;PR004;VD033;24;766,89
2000;183604;2025;23/11/2025;VF;1;PR059;VD028;12;468,00
2000;183605;2025;23/11/2025;VF;1;PR003;VD040;16;231,08
2000;183606;2025;22/11/2025;VF;1;PR055;VD018;14;275,03
2000;183607;2025;22/11/2025;VF;1;PR041;VD031;21;243,39
1000;183608;2025;22/11/2025;VF;1;PR056;VD040;16;303,66
1000;183609;2025;22/11/2025;VF;1;PR038;VD028;24;698,62
1000;183610;2025;22/11/2025;VF;1;PR022;VD045;21;1365,00
1000;183610;2025;22/11/2025;VF;2;PR023;VD024;14;758,03
2000;183611;2025;22/11/2025;VF;1;PR053;VD019;21;213,46
2000;183611;2025;21/11/2025;VF;2;PR046;VD047;16;1030,76
1000;183612;2025;21/11/2025;VF;1;PR048;VD027;27;1739,40
1000;183612;2025;20/11/2025;VF;2;PR055;VD033;14;258,71
1000;183613;2025;20/11/2025;VF;1;PR017;VD036;21;139,53
2000;183613;2025;20/11/2025;VF;2;PR029;VD035;12;668,67
2000;183614;2025;20/11/2025;VF;1;PR005;VD037;20;1145,49
2000;183615;2025;20/11/2025;VF;1;PR058;VD048;15;575,00
1000;183616;2025;20/11/2025;VF;1;PR025;VD035;12;759,75
1000;183617;2025;20/11/2025;VF;1;PR042;VD017;3;36,60
2000;183617;2025;20/11/2025;VF;2;PR046;VD039;15;901,91
1000;183618;2025;19/11/2025;VF;1;PR006;VD044;27;229,43
1000;183619;2025;19/11/2025;VF;1;PR053;VD047;12;125,30
1000;183619;2025;18/11/2025;VF;2;PR042;VD018;8;91,09
2000;183619;2025;18/11/2025;VF;3;PR002;VD034;3;45,44
1000;183620;2025;18/11/2025;VF;1;PR016;VD019;16;87,49
1000;183621;2025;18/11/2025;VF;1;PR055;VD029;2;39,62
1000;183621;2025;18/11/2025;VF;2;PR057;VD037;3;58,44
1000;183622;2025;18/11/2025;VF;1;PR011;VD030;7;70,52
1000;183623;2025;18/11/2025;VF;1;PR006;VD047;16;141,87
1000;183623;2025;17/11/2025;VF;2;PR019;VD034;12;124,20
1000;183624;2025;17/11/2025;VF;1;PR006;VD037;10;85,71
1000;183625;2025;17/11/2025;VF;1;PR026;VD032;6;443,21
1000;183626;2025;17/11/2025;VF;1;PR058;VD027;2;77,33
1000;183627;2025;16/11/2025;VF;1;PR013;VD011;15;131,89
1000;183628;2025;16/11/2025;VF;1;PR058;VD017;7;275,33
1000;183629;2025;15/11/2025;VF;1;PR030;VD036;9;498,14
1000;183630;2025;15/11/2025;VF;1;PR015;VD049;30;262,08
1000;183630;2025;15/11/2025;VF;2;PR001;VD013;16;232,36
1000;183630;2025;15/11/2025;VF;3;PR053;VD012;3;30,77
1000;183631;2025;15/11/2025;VF;1;PR041;VD037;2;22,77
1000;183631;2025;14/11/2025;VF;2;PR002;VD047;2;28,48
1000;183631;2025;14/11/2025;VF;3;PR021;VD039;27;1711,39
2000;183631;2025;13/11/2025;VF;4;PR035;VD026;6;112,73
1000;183631;2025;13/11/2025;VF;5;PR008;VD036;6;109,88
2000;183631;2025;13/11/2025;VF;6;PR045;VD045;6;95,06
2000;183632;2025;12/11/2025;VF;1;PR037;VD021;9;259,00
1000;183633;2025;12/11/2025;VF;1;PR016;VD041;2;10,65
1000;183634;2025;12/11/2025;VF;1;PR053;VD013;21;230,93
1000;183634;2025;12/11/2025;VF;2;PR001;VD019;21;292,16
1000;183635;2025;12/11/2025;VF;1;PR052;VD032;2;21,25
1000;183636;2025;12/11/2025;VF;1;PR027;VD018;8;195,56
1000;183637;2025;12/11/2025;VF;1;PR049;VD013;14;95,53
1000;183638;2025;11/11/2025;VF;1;PR021;VD035;7;447,62
1000;183639;2025;11/11/2025;VF;1;PR055;VD030;10;189,79
2000;183640;2025;11/11/2025;VF;1;PR022;VD022;8;502,22
1000;183641;2025;11/11/2025;VF;1;PR043;VD037;27;435,00
1000;183641;2025;11/11/2025;VF;2;PR008;VD023;6;109,88
1000;183641;2025;11/11/2025;VF;3;PR004;VD017;3;91,03
1000;183642;2025;11/11/2025;VF;1;PR012;VD039;2;21,01
1000;183643;2025;11/11/2025;VF;1;PR024;VD032;18;961,63
1000;183643;2025;11/11/2025;VF;2;PR047;VD045;8;506,79
1000;183643;2025;11/11/2025;VF;3;PR030;VD022;6;320,54
2000;183643;2025;10/11/2025;VF;4;PR006;VD032;7;58,96
1000;183644;2025;10/11/2025;VF;1;PR032;VD014;6;333,33
1000;183644;2025;10/11/2025;VF;2;PR031;VD038;16;863,85
1000;183645;2025;09/11/2025;VF;1;PR029;VD027;8;449,56
2000;183646;2025;09/11/2025;VF;1;PR021;VD011;5;314,12
1000;183647;2025;09/11/2025;VF;1;PR039;VD017;6;191,42
2000;183648;2025;09/11/2025;VF;1;PR024;VD021;12;669,96
1000;183649;2025;08/11/2025;VF;1;PR039;VD042;14;423,94
1000;183650;2025;08/11/2025;VF;1;PR050;VD042;8;58,00
1000;183650;2025;08/11/2025;VF;2;PR032;VD036;30;1652,78
1000;183651;2025;08/11/2025;VF;1;PR047;VD027;8;459,54
1000;183652;2025;08/11/2025;VF;1;PR016;VD023;18;87,20
1000;183653;2025;08/11/2025;VF;1;PR029;VD033;16;770,67
1000;183654;2025;08/11/2025;VF;1;PR050;VD036;10;63,97
1000;183654;2025;08/11/2025;VF;2;PR045;VD045;3;43,90
1000;183654;2025;08/11/2025;VF;3;PR053;VD022;10;100,72
1000;183655;2025;08/11/2025;VF;1;PR042;VD020;3;31,11
1000;183656;2025;07/11/2025;VF;1;PR049;VD019;4;24,61
1000;183656;2025;07/11/2025;VF;2;PR045;VD015;18;251,33
1000;183657;2025;07/11/2025;VF;1;PR037;VD029;6;169,56
2000;183658;2025;07/11/2025;VF;1;PR021;VD017;10;617,02
1000;183658;2025;07/11/2025;VF;2;PR034;VD045;8;133,19
1000;183659;2025;07/11/2025;VF;1;PR047;VD041;8;442,37
2000;183659;2025;06/11/2025;VF;2;PR025;VD033;4;239,92
1000;183660;2025;06/11/2025;VF;1;PR056;VD025;30;499,44
1000;183661;2025;06/11/2025;VF;1;PR017;VD014;10;57,59
2000;183661;2025;06/11/2025;VF;2;PR057;VD025;3;49,94
1000;183662;2025;06/11/2025;VF;1;PR033;VD016;3;151,61
1000;183662;2025;05/11/2025;VF;2;PR029;VD038;3;151,58
1000;183663;2025;05/11/2025;VF;1;PR060;VD039;7;256,67
1000;183663;2025;05/11/2025;VF;2;PR031;VD029;6;274,94
1000;183664;2025;04/11/2025;VF;1;PR038;VD036;21;600,18
1000;183665;2025;04/11/2025;VF;1;PR054;VD041;10;92,41
1000;183666;2025;04/11/2025;VF;1;PR022;VD045;1;56,67
2000;183667;2025;03/11/2025;VF;1;PR034;VD033;18;323,64
1000;183668;2025;03/11/2025;VF;1;PR010;VD034;12;99,78
2000;183668;2025;03/11/2025;VF;2;PR058;VD031;10;350,00
2000;183668;2025;03/11/2025;VF;3;PR012;VD015;2;19,20
1000;183669;2025;03/11/2025;VF;1;PR004;VD031;1;27,66
1000;183670;2025;03/11/2025;VF;1;PR027;VD030;6;142,67
1000;183671;2025;03/11/2025;VF;1;PR020;VD032;18;1049,65
1000;183671;2025;03/11/2025;VF;2;PR016;VD032;12;59,28
1000;183671;2025;03/11/2025;VF;3;PR056;VD015;1;17,81
1000;183672;2025;03/11/2025;VF;1;PR017;VD016;8;44,74
1000;183672;2025;03/11/2025;VF;2;PR001;VD044;6;74,69
1000;183673;2025;02/11/2025;VF;1;PR059;VD042;21;707,00
1000;183673;2025;02/11/2025;VF;2;PR039;VD013;3;81,11
1000;183674;2025;02/11/2025;VF;1;PR035;VD011;4;71,09
1000;183675;2025;02/11/2025;VF;1;PR051;VD041;30;190,09
2000;183676;2025;02/11/2025;VF;1;PR047;VD034;6;328,55
2000;183676;2025;02/11/2025;VF;2;PR008;VD025;12;207,77
2000;183676;2025;01/11/2025;VF;3;PR045;VD035;8;112,78
1000;183677;2025;01/11/2025;VF;1;PR029;VD043;21;1011,50
2000;183678;2025;01/11/2025;VF;1;PR054;VD015;2;19,59
1000;183679;2025;01/11/2025;VF;1;PR033;VD025;4;209,84
1000;183680;2025;31/10/2025;VF;1;PR001;VD021;6;79,81
1000;183681;2025;31/10/2025;VF;1;PR010;VD029;3;24,94
1000;183681;2025;31/10/2025;VF;2;PR005;VD038;10;505,36
1000;183682;2025;31/10/2025;VF;1;PR040;VD045;21;285,83
1000;183683;2025;31/10/2025;VF;1;PR017;VD029;27;150,99
1000;183683;2025;31/10/2025;VF;2;PR045;VD041;10;142,31
1000;183684;2025;31/10/2025;VF;1;PR014;VD018;27;211,47
1000;183685;2025;30/10/2025;VF;1;PR028;VD015;15;701,11
1000;183686;2025;30/10/2025;VF;1;PR046;VD021;14;774,14
1000;183687;2025;30/10/2025;VF;1;PR043;VD015;20;295,37
1000;183688;2025;29/10/2025;VF;1;PR030;VD017;18;900,99
1000;183688;2025;29/10/2025;VF;2;PR047;VD024;24;1301,33
1000;183689;2025;29/10/2025;VF;1;PR010;VD028;2;17,63
2000;183689;2025;29/10/2025;VF;2;PR001;VD035;1;13,42
2000;183690;2025;28/10/2025;VF;1;PR014;VD030;9;69,83
2000;183691;2025;28/10/2025;VF;1;PR041;VD042;2;20,33
1000;183691;2025;28/10/2025;VF;2;PR037;VD028;8;219,85
1000;183692;2025;27/10/2025;VF;1;PR003;VD048;3;42,15
1000;183692;2025;27/10/2025;VF;2;PR006;VD012;3;22,61
1000;183692;2025;27/10/2025;VF;3;PR012;VD023;16;149,24
1000;183692;2025;27/10/2025;VF;4;PR028;VD015;2;101,81
1000;183693;2025;27/10/2025;VF;1;PR043;VD031;6;82,17
1000;183693;2025;27/10/2025;VF;2;PR031;VD023;8;370,22
1000;183694;2025;27/10/2025;VF;1;PR005;VD030;15;779,70
1000;183695;2025;27/10/2025;VF;1;PR051;VD041;5;31,68
1000;183696;2025;27/10/2025;VF;1;PR018;VD028;12;79,69
2000;183697;2025;27/10/2025;VF;1;PR016;VD042;5;25,66
1000;183698;2025;27/10/2025;VF;1;PR048;VD019;2;113,81
1000;183699;2025;27/10/2025;VF;1;PR036;VD036;16;301,97
1000;183700;2025;27/10/2025;VF;1;PR023;VD032;8;407,24
1000;183701;2025;27/10/2025;VF;1;PR038;VD032;15;436,64
1000;183701;2025;26/10/2025;VF;2;PR037;VD025;27;700,00
1000;183701;2025;26/10/2025;VF;3;PR020;VD016;12;699,77
2000;183702;2025;26/10/2025;VF;1;PR049;VD017;21;139,46
1000;183703;2025;26/10/2025;VF;1;PR007;VD029;18;289,20
1000;183704;2025;26/10/2025;VF;1;PR056;VD043;3;50,44
2000;183704;2025;26/10/2025;VF;2;PR019;VD039;20;195,90
1000;183704;2025;26/10/2025;VF;3;PR015;VD046;3;25,03
1000;183704;2025;26/10/2025;VF;4;PR019;VD043;21;203,76
1000;183705;2025;26/10/2025;VF;1;PR043;VD031;9;129,29
2000;183705;2025;26/10/2025;VF;2;PR038;VD015;12;346,14
1000;183706;2025;26/10/2025;VF;1;PR050;VD042;1;6,28
1000;183707;2025;25/10/2025;VF;1;PR005;VD022;6;291,66
1000;183708;2025;25/10/2025;VF;1;PR018;VD047;6;36,56
2000;183709;2025;24/10/2025;VF;1;PR057;VD043;1;17,81
1000;183709;2025;24/10/2025;VF;2;PR010;VD042;16;135,70
1000;183710;2025;24/10/2025;VF;1;PR001;VD034;6;77,61
1000;183711;2025;24/10/2025;VF;1;PR036;VD046;7;130,90
1000;183712;2025;23/10/2025;VF;1;PR051;VD026;20;130,38
1000;183712;2025;23/10/2025;VF;2;PR030;VD036;21;1010,72
1000;183713;2025;22/10/2025;VF;1;PR045;VD039;18;261,00
1000;183714;2025;22/10/2025;VF;1;PR025;VD013;6;336,55
1000;183715;2025;21/10/2025;VF;1;PR025;VD043;16;924,14
1000;183715;2025;21/10/2025;VF;2;PR047;VD011;3;169,11
1000;183716;2025;21/10/2025;VF;1;PR060;VD044;6;204,00
1000;183716;2025;21/10/2025;VF;2;PR012;VD022;27;246,94
1000;183716;2025;20/10/2025;VF;3;PR009;VD019;2;34,41
1000;183717;2025;20/10/2025;VF;1;PR010;VD041;5;44,07
1000;183718;2025;20/10/2025;VF;1;PR049;VD049;4;26,56
2000;183719;2025;19/10/2025;VF;1;PR016;VD044;6;29,93
2000;183719;2025;19/10/2025;VF;2;PR008;VD033;27;471,98
1000;183720;2025;19/10/2025;VF;1;PR018;VD033;1;6,46
2000;183720;2025;19/10/2025;VF;2;PR017;VD013;9;54,32
1000;183721;2025;19/10/2025;VF;1;PR050;VD030;6;38,02
1000;183722;2025;19/10/2025;VF;1;PR018;VD040;20;124,29
1000;183722;2025;18/10/2025;VF;2;PR001;VD045;9;117,52
1000;183723;2025;18/10/2025;VF;1;PR053;VD033;6;58,22
1000;183724;2025;18/10/2025;VF;1;PR011;VD046;8;69,48
2000;183724;2025;18/10/2025;VF;2;PR036;VD044;9;157,39
2000;183725;2025;18/10/2025;VF;1;PR007;VD035;8;129,80
1000;183725;2025;18/10/2025;VF;2;PR017;VD013;2;11,63
1000;183726;2025;18/10/2025;VF;1;PR029;VD022;24;1178,67
2000;183727;2025;18/10/2025;VF;1;PR049;VD046;2;13,28
1000;183728;2025;18/10/2025;VF;1;PR036;VD035;18;330,37
1000;183729;2025;18/10/2025;VF;1;PR039;VD047;14;412,59
1000;183730;2025;17/10/2025;VF;1;PR043;VD049;8;108,48
1000;183731;2025;17/10/2025;VF;1;PR039;VD036;7;208,19
2000;183732;2025;16/10/2025;VF;1;PR039;VD032;2;57,86
1000;183732;2025;16/10/2025;VF;2;PR043;VD038;3;41,08
1000;183733;2025;15/10/2025;VF;1;PR005;VD021;14;720,98
1000;183733;2025;15/10/2025;VF;2;PR012;VD047;2;18,84
2000;183733;2025;15/10/2025;VF;3;PR039;VD042;2;54,07
2000;183734;2025;15/10/2025;VF;1;PR040;VD038;2;26,96
1000;183735;2025;14/10/2025;VF;1;PR053;VD031;10;97,03
1000;183736;2025;14/10/2025;VF;1;PR033;VD030;10;529,43
2000;183736;2025;14/10/2025;VF;2;PR045;VD026;12;169,17
2000;183737;2025;14/10/2025;VF;1;PR012;VD042;10;92,37
1000;183738;2025;13/10/2025;VF;1;PR002;VD037;3;40,00
1000;183739;2025;13/10/2025;VF;1;PR024;VD023;9;472,15
1000;183740;2025;13/10/2025;VF;1;PR039;VD028;4;111,39
1000;183741;2025;13/10/2025;VF;1;PR058;VD028;3;110,00
1000;183742;2025;12/10/2025;VF;1;PR027;VD040;14;320,44
1000;183743;2025;12/10/2025;VF;1;PR003;VD029;24;327,71
1000;183744;2025;12/10/2025;VF;1;PR032;VD016;4;196,30
2000;183745;2025;12/10/2025;VF;1;PR049;VD015;12;75,30
1000;183746;2025;12/10/2025;VF;1;PR011;VD016;18;167,28
1000;183746;2025;11/10/2025;VF;2;PR015;VD028;1;7,95
1000;183747;2025;11/10/2025;VF;1;PR025;VD025;16;915,25
2000;183748;2025;11/10/2025;VF;1;PR023;VD047;2;99,96
1000;183748;2025;11/10/2025;VF;2;PR031;VD035;9;432,83
1000;183748;2025;10/10/2025;VF;3;PR004;VD030;5;142,31
1000;183749;2025;10/10/2025;VF;1;PR001;VD037;4;48,81
1000;183750;2025;10/10/2025;VF;1;PR006;VD025;8;60,89
1000;183751;2025;10/10/2025;VF;1;PR019;VD030;6;55,44
1000;183752;2025;10/10/2025;VF;1;PR048;VD037;6;344,66
2000;183753;2025;10/10/2025;VF;1;PR060;VD032;30;1080,00
1000;183754;2025;10/10/2025;VF;1;PR045;VD041;7;102,44
1000;183755;2025;09/10/2025;VF;1;PR003;VD012;27;354,50
1000;183756;2025;09/10/2025;VF;1;PR056;VD030;12;201,78
1000;183757;2025;09/10/2025;VF;1;PR033;VD014;10;500,55
1000;183758;2025;09/10/2025;VF;1;PR041;VD014;20;205,37
1000;183759;2025;09/10/2025;VF;1;PR004;VD011;10;271,20
1000;183760;2025;09/10/2025;VF;1;PR007;VD020;9;157,48
1000;183761;2025;09/10/2025;VF;1;PR046;VD015;9;502,49
1000;183762;2025;09/10/2025;VF;1;PR024;VD011;3;154,50
2000;183763;2025;09/10/2025;VF;1;PR047;VD033;1;56,91
1000;183764;2025;09/10/2025;VF;1;PR032;VD025;16;755,56
1000;183765;2025;09/10/2025;VF;1;PR020;VD015;10;572,03
1000;183766;2025;09/10/2025;VF;1;PR006;VD012;15;117,48
1000;183767;2025;09/10/2025;VF;1;PR031;VD034;9;412,42
1000;183767;2025;08/10/2025;VF;2;PR052;VD044;12;121,98
1000;183767;2025;08/10/2025;VF;3;PR050;VD018;14;92,97
1000;183768;2025;08/10/2025;VF;1;PR042;VD018;4;42,29
2000;183769;2025;08/10/2025;VF;1;PR006;VD021;8;64,43
1000;183770;2025;08/10/2025;VF;1;PR016;VD017;12;63,31
1000;183771;2025;08/10/2025;VF;1;PR015;VD034;5;43,29
1000;183772;2025;08/10/2025;VF;1;PR003;VD041;5;66,96
1000;183773;2025;08/10/2025;VF;1;PR007;VD025;1;16,39
2000;183773;2025;08/10/2025;VF;2;PR031;VD046;4;199,63
1000;183774;2025;08/10/2025;VF;1;PR037;VD021;4;112,00
1000;183775;2025;08/10/2025;VF;1;PR043;VD036;27;384,25
2000;183776;2025;08/10/2025;VF;1;PR038;VD036;12;336,61
1000;183777;2025;08/10/2025;VF;1;PR048;VD032;9;521,82
1000;183778;2025;08/10/2025;VF;1;PR051;VD039;15;99,61
2000;183779;2025;08/10/2025;VF;1;PR047;VD039;8;463,84
1000;183780;2025;07/10/2025;VF;1;PR014;VD017;5;40,27
1000;183781;2025;07/10/2025;VF;1;PR009;VD010;5;88,60
1000;183782;2025;07/10/2025;VF;1;PR029;VD014;6;291,83
1000;183782;2025;07/10/2025;VF;2;PR019;VD020;6;58,77
1000;183783;2025;06/10/2025;VF;1;PR007;VD028;14;227,16
1000;183784;2025;06/10/2025;VF;1;PR032;VD033;30;1472,22
2000;183785;2025;05/10/2025;VF;1;PR052;VD037;16;161,16
2000;183786;2025;05/10/2025;VF;1;PR055;VD036;1;16,65
1000;183786;2025;05/10/2025;VF;2;PR027;VD019;8;183,11
1000;183787;2025;05/10/2025;VF;1;PR034;VD048;30;514,43
1000;183787;2025;05/10/2025;VF;2;PR028;VD042;3;138,83
1000;183788;2025;05/10/2025;VF;1;PR039;VD023;9;267,67
1000;183789;2025;04/10/2025;VF;1;PR053;VD024;6;57,11
1000;183789;2025;04/10/2025;VF;2;PR032;VD011;27;1300,00
2000;183790;2025;04/10/2025;VF;1;PR027;VD030;3;70,67
1000;183791;2025;04/10/2025;VF;1;PR049;VD017;24;160,84
1000;183792;2025;03/10/2025;VF;1;PR050;VD018;30;182,78
2000;183793;2025;03/10/2025;VF;1;PR051;VD021;9;55,93
1000;183794;2025;03/10/2025;VF;1;PR031;VD018;12;588,00
2000;183795;2025;03/10/2025;VF;1;PR017;VD014;6;36,54
1000;183796;2025;03/10/2025;VF;1;PR044;VD025;1;14,10
1000;183797;2025;02/10/2025;VF;1;PR018;VD019;3;18,28
1000;183798;2025;02/10/2025;VF;1;PR010;VD042;10;90,63
1000;183799;2025;01/10/2025;VF;1;PR041;VD032;10;102,68
1000;183799;2025;01/10/2025;VF;2;PR050;VD042;2;12,67
2000;183800;2025;01/10/2025;VF;1;PR022;VD031;10;605,56
1000;183800;2025;01/10/2025;VF;2;PR048;VD016;16;927,68
1000;183800;2025;01/10/2025;VF;3;PR028;VD041;16;747,85
1000;183801;2025;01/10/2025;VF;1;PR002;VD027;2;28,48
1000;183802;2025;01/10/2025;VF;1;PR043;VD046;2;27,12
1000;183802;2025;01/10/2025;VF;2;PR033;VD042;10;524,61
1000;183803;2025;01/10/2025;VF;1;PR041;VD020;7;71,88
1000;183804;2025;01/10/2025;VF;1;PR030;VD045;5;243,06
2000;183804;2025;01/10/2025;VF;2;PR060;VD032;6;202,00
1000;183804;2025;01/10/2025;VF;3;PR051;VD034;20;121,85
1000;183805;2025;01/10/2025;VF;1;PR005;VD011;10;495,74
1000;183806;2025;01/10/2025;VF;1;PR013;VD012;20;156,64
2000;183806;2025;30/09/2025;VF;2;PR037;VD039;14;366,59
1000;183806;2025;30/09/2025;VF;3;PR032;VD022;16;770,37
1000;183807;2025;29/09/2025;VF;1;PR052;VD045;5;49,90
1000;183808;2025;29/09/2025;VF;1;PR038;VD020;2;56,63
1000;183809;2025;29/09/2025;VF;1;PR049;VD029;9;57,58
1000;183809;2025;29/09/2025;VF;2;PR022;VD015;12;680,00
1000;183810;2025;29/09/2025;VF;1;PR015;VD020;10;81,85
1000;183811;2025;29/09/2025;VF;1;PR039;VD020;9;267,67
1000;183811;2025;28/09/2025;VF;2;PR035;VD017;14;248,81
1000;183812;2025;28/09/2025;VF;1;PR025;VD012;3;178,27
2000;183813;2025;28/09/2025;VF;1;PR027;VD031;8;179,56
2000;183814;2025;27/09/2025;VF;1;PR020;VD022;6;343,22
1000;183815;2025;27/09/2025;VF;1;PR050;VD047;8;53,61
1000;183815;2025;26/09/2025;VF;2;PR053;VD041;5;50,82
1000;183816;2025;26/09/2025;VF;1;PR042;VD018;14;152,30
2000;183816;2025;25/09/2025;VF;2;PR041;VD049;6;65,27
1000;183816;2025;25/09/2025;VF;3;PR043;VD032;2;28,73
1000;183817;2025;25/09/2025;VF;1;PR006;VD044;8;63,25
1000;183817;2025;25/09/2025;VF;2;PR058;VD018;4;146,67
1000;183817;2025;25/09/2025;VF;3;PR038;VD032;4;111,14
1000;183818;2025;25/09/2025;VF;1;PR022;VD026;9;540,00
1000;183819;2025;25/09/2025;VF;1;PR035;VD046;5;88,86
1000;183819;2025;25/09/2025;VF;2;PR015;VD032;5;41,32
2000;183820;2025;25/09/2025;VF;1;PR020;VD021;9;509,83
2000;183820;2025;25/09/2025;VF;2;PR011;VD014;9;84,42
1000;183821;2025;24/09/2025;VF;1;PR050;VD040;1;6,21
1000;183821;2025;24/09/2025;VF;2;PR046;VD019;4;234,07
1000;183822;2025;24/09/2025;VF;1;PR016;VD012;2;9,88
1000;183822;2025;24/09/2025;VF;2;PR041;VD049;1;11,08
1000;183822;2025;24/09/2025;VF;3;PR037;VD038;14;362,96
1000;183823;2025;24/09/2025;VF;1;PR019;VD018;4;39,55
1000;183824;2025;24/09/2025;VF;1;PR052;VD043;7;65,98
1000;183825;2025;24/09/2025;VF;1;PR011;VD042;1;9,38
1000;183826;2025;24/09/2025;VF;1;PR058;VD048;8;282,67
1000;183827;2025;23/09/2025;VF;1;PR042;VD024;3;31,41
1000;183827;2025;23/09/2025;VF;2;PR009;VD037;6;105,29
1000;183828;2025;23/09/2025;VF;1;PR017;VD043;2;12,07
1000;183829;2025;22/09/2025;VF;1;PR009;VD025;5;88,60
2000;183829;2025;22/09/2025;VF;2;PR026;VD033;12;800,88
2000;183829;2025;21/09/2025;VF;3;PR058;VD046;3;107,00
1000;183829;2025;21/09/2025;VF;4;PR011;VD039;2;18,41
2000;183830;2025;21/09/2025;VF;1;PR030;VD027;8;385,04
1000;183831;2025;21/09/2025;VF;1;PR032;VD031;20;981,48
2000;183832;2025;21/09/2025;VF;1;PR039;VD021;2;54,07
1000;183832;2025;21/09/2025;VF;2;PR045;VD017;20;284,63
1000;183833;2025;21/09/2025;VF;1;PR035;VD045;6;108,66
1000;183834;2025;20/09/2025;VF;1;PR008;VD015;9;149,83
2000;183835;2025;20/09/2025;VF;1;PR037;VD045;4;105,78
1000;183836;2025;20/09/2025;VF;1;PR055;VD047;9;155,83
1000;183837;2025;19/09/2025;VF;1;PR022;VD034;10;577,78
1000;183838;2025;19/09/2025;VF;1;PR029;VD047;4;190,78
1000;183839;2025;19/09/2025;VF;1;PR006;VD010;10;79,80
1000;183839;2025;19/09/2025;VF;2;PR003;VD017;12;173,31
1000;183840;2025;19/09/2025;VF;1;PR017;VD025;1;5,54
1000;183841;2025;19/09/2025;VF;1;PR037;VD027;20;539,26
1000;183841;2025;19/09/2025;VF;2;PR024;VD035;8;404,29
2000;183841;2025;18/09/2025;VF;3;PR006;VD022;18;134,33
1000;183842;2025;18/09/2025;VF;1;PR051;VD027;18;117,34
2000;183843;2025;17/09/2025;VF;1;PR057;VD019;16;285,02
2000;183843;2025;17/09/2025;VF;2;PR004;VD037;16;433,93
1000;183844;2025;17/09/2025;VF;1;PR046;VD041;2;113,81
1000;183845;2025;17/09/2025;VF;1;PR030;VD015;1;49,09
1000;183846;2025;17/09/2025;VF;1;PR010;VD029;5;44,49
1000;183846;2025;17/09/2025;VF;2;PR028;VD034;8;403,54
1000;183846;2025;17/09/2025;VF;3;PR059;VD042;14;494,67
2000;183847;2025;17/09/2025;VF;1;PR033;VD019;8;411,99
1000;183847;2025;16/09/2025;VF;2;PR054;VD018;16;161,16
1000;183848;2025;16/09/2025;VF;1;PR023;VD017;4;201,77
1000;183849;2025;16/09/2025;VF;1;PR031;VD040;3;140,19
1000;183850;2025;16/09/2025;VF;1;PR004;VD039;16;468,30
1000;183850;2025;15/09/2025;VF;2;PR029;VD048;7;347,08
1000;183851;2025;15/09/2025;VF;1;PR031;VD024;5;238,19
1000;183852;2025;15/09/2025;VF;1;PR020;VD014;12;713,10
1000;183852;2025;15/09/2025;VF;2;PR006;VD011;7;54,31
1000;183852;2025;15/09/2025;VF;3;PR060;VD021;12;400,00
1000;183853;2025;14/09/2025;VF;1;PR052;VD039;6;57,66
1000;183853;2025;14/09/2025;VF;2;PR008;VD027;3;51,44
2000;183854;2025;13/09/2025;VF;1;PR004;VD032;1;27,39
1000;183855;2025;13/09/2025;VF;1;PR057;VD049;4;68,59
1000;183856;2025;13/09/2025;VF;1;PR016;VD044;4;20,91
1000;183857;2025;13/09/2025;VF;1;PR025;VD012;7;400,42
1000;183858;2025;13/09/2025;VF;1;PR028;VD032;18;891,31
2000;183859;2025;13/09/2025;VF;1;PR014;VD020;4;30,44
1000;183860;2025;13/09/2025;VF;1;PR006;VD026;5;39,90
1000;183861;2025;12/09/2025;VF;1;PR004;VD015;16;429,63
1000;183862;2025;12/09/2025;VF;1;PR033;VD043;5;247,87
1000;183862;2025;12/09/2025;VF;2;PR027;VD037;10;228,89
1000;183863;2025;12/09/2025;VF;1;PR053;VD047;6;58,22
2000;183863;2025;12/09/2025;VF;2;PR025;VD037;20;1121,85
1000;183864;2025;12/09/2025;VF;1;PR036;VD019;2;37,75
2000;183865;2025;12/09/2025;VF;1;PR054;VD049;6;59,33
1000;183866;2025;11/09/2025;VF;1;PR057;VD043;6;103,89
1000;183867;2025;11/09/2025;VF;1;PR026;VD046;10;693,32
1000;183867;2025;11/09/2025;VF;2;PR031;VD029;6;294,00
2000;183868;2025;11/09/2025;VF;1;PR028;VD029;2;99,96
2000;183869;2025;11/09/2025;VF;1;PR019;VD046;2;20,33
1000;183869;2025;11/09/2025;VF;2;PR056;VD028;3;50,94
1000;183869;2025;11/09/2025;VF;3;PR006;VD029;8;62,07
1000;183869;2025;11/09/2025;VF;4;PR010;VD028;2;17,96
1000;183870;2025;11/09/2025;VF;1;PR029;VD022;18;884,00
1000;183871;2025;11/09/2025;VF;1;PR026;VD014;14;970,65
1000;183872;2025;10/09/2025;VF;1;PR054;VD046;10;93,33
2000;183873;2025;10/09/2025;VF;1;PR055;VD014;8;138,51
1000;183874;2025;10/09/2025;VF;1;PR022;VD041;2;116,67
2000;183874;2025;10/09/2025;VF;2;PR038;VD038;3;86,53
1000;183875;2025;10/09/2025;VF;1;PR049;VD038;4;26,08
2000;183876;2025;10/09/2025;VF;1;PR033;VD048;12;600,66
1000;183877;2025;10/09/2025;VF;1;PR050;VD018;2;12,55
1000;183878;2025;10/09/2025;VF;1;PR037;VD014;8;224,00
1000;183878;2025;10/09/2025;VF;2;PR001;VD010;8;99,58
1000;183879;2025;09/09/2025;VF;1;PR049;VD015;16;106,26
1000;183880;2025;09/09/2025;VF;1;PR013;VD020;6;46,11
1000;183881;2025;09/09/2025;VF;1;PR003;VD031;9;121,71
1000;183881;2025;09/09/2025;VF;2;PR057;VD045;7;125,86
1000;183881;2025;09/09/2025;VF;3;PR025;VD035;1;56,65
1000;183882;2025;09/09/2025;VF;1;PR047;VD023;20;1116,65
1000;183883;2025;08/09/2025;VF;1;PR060;VD030;18;630,00
2000;183884;2025;08/09/2025;VF;1;PR017;VD049;18;107,64
1000;183885;2025;08/09/2025;VF;1;PR024;VD026;10;519,80
1000;183885;2025;08/09/2025;VF;2;PR013;VD013;16;130,04
1000;183885;2025;08/09/2025;VF;3;PR057;VD027;18;308,66
1000;183886;2025;08/09/2025;VF;1;PR057;VD038;8;135,85
2000;183886;2025;08/09/2025;VF;2;PR020;VD021;2;114,41
1000;183887;2025;08/09/2025;VF;1;PR007;VD033;8;138,71
2000;183888;2025;08/09/2025;VF;1;PR040;VD023;4;57,04
1000;183888;2025;08/09/2025;VF;2;PR024;VD018;2;99,15
1000;183888;2025;08/09/2025;VF;3;PR004;VD031;4;111,70
1000;183889;2025;08/09/2025;VF;1;PR016;VD010;8;41,06
1000;183890;2025;07/09/2025;VF;1;PR029;VD030;5;238,47
1000;183891;2025;07/09/2025;VF;1;PR007;VD046;9;148,89
1000;183892;2025;06/09/2025;VF;1;PR049;VD032;14;91,27
1000;183893;2025;06/09/2025;VF;1;PR039;VD035;16;454,22
1000;183893;2025;06/09/2025;VF;2;PR022;VD022;2;112,22
1000;183893;2025;06/09/2025;VF;3;PR004;VD023;2;59,07
2000;183894;2025;06/09/2025;VF;1;PR011;VD049;9;85,20
1000;183895;2025;06/09/2025;VF;1;PR052;VD044;20;199,60
1000;183896;2025;05/09/2025;VF;1;PR001;VD039;5;64,07
1000;183897;2025;05/09/2025;VF;1;PR051;VD031;5;30,46
1000;183897;2025;05/09/2025;VF;2;PR007;VD023;4;68,08
1000;183898;2025;05/09/2025;VF;1;PR039;VD019;3;85,17
1000;183898;2025;05/09/2025;VF;2;PR033;VD041;5;250,27
1000;183899;2025;04/09/2025;VF;1;PR043;VD035;6;87,81
2000;183900;2025;04/09/2025;VF;1;PR056;VD025;1;17,15
1000;183901;2025;04/09/2025;VF;1;PR032;VD033;7;337,04
1000;183902;2025;04/09/2025;VF;1;PR035;VD042;4;73,80
1000;183903;2025;04/09/2025;VF;1;PR011;VD030;4;35,78
1000;183903;2025;04/09/2025;VF;2;PR011;VD036;2;17,37
1000;183904;2025;03/09/2025;VF;1;PR039;VD031;4;115,72
1000;183905;2025;03/09/2025;VF;1;PR026;VD045;16;1078,21
1000;183906;2025;03/09/2025;VF;1;PR048;VD029;20;1138,13
2000;183907;2025;03/09/2025;VF;1;PR021;VD045;6;336,56
1000;183908;2025;03/09/2025;VF;1;PR047;VD030;14;774,14
1000;183908;2025;03/09/2025;VF;2;PR002;VD030;8;112,88
1000;183909;2025;03/09/2025;VF;1;PR048;VD040;4;234,07
1000;183910;2025;03/09/2025;VF;1;PR017;VD019;10;56,48
1000;183910;2025;03/09/2025;VF;2;PR058;VD046;1;35,00
1000;183911;2025;02/09/2025;VF;1;PR040;VD020;10;142,59
2000;183912;2025;02/09/2025;VF;1;PR014;VD028;8;61,48
1000;183913;2025;01/09/2025;VF;1;PR021;VD022;8;453,23
1000;183914;2025;01/09/2025;VF;1;PR028;VD021;10;504,43
2000;183915;2025;01/09/2025;VF;1;PR052;VD018;5;48,05
2000;183915;2025;01/09/2025;VF;2;PR042;VD011;9;96,99
1000;183916;2025;31/08/2025;VF;1;PR034;VD033;6;99,89
1000;183917;2025;31/08/2025;VF;1;PR040;VD011;2;25,93
1000;183918;2025;31/08/2025;VF;1;PR004;VD012;6;175,61
1000;183919;2025;31/08/2025;VF;1;PR050;VD040;6;39,48
2000;183919;2025;31/08/2025;VF;2;PR059;VD027;2;70,00
1000;183919;2025;30/08/2025;VF;3;PR058;VD031;5;171,67
1000;183919;2025;30/08/2025;VF;4;PR039;VD048;1;28,39
1000;183920;2025;30/08/2025;VF;1;PR001;VD028;5;62,24
1000;183920;2025;29/08/2025;VF;2;PR006;VD027;8;64,43
1000;183921;2025;29/08/2025;VF;1;PR049;VD017;16;99,43
1000;183921;2025;29/08/2025;VF;2;PR029;VD035;8;392,89
1000;183922;2025;29/08/2025;VF;1;PR053;VD017;3;30,49
1000;183923;2025;29/08/2025;VF;1;PR058;VD038;5;168,33
1000;183924;2025;29/08/2025;VF;1;PR054;VD021;12;112,00
1000;183924;2025;28/08/2025;VF;2;PR035;VD039;1;17,43
1000;183925;2025;28/08/2025;VF;1;PR013;VD020;18;140,98
1000;183926;2025;28/08/2025;VF;1;PR011;VD032;18;164,15
1000;183927;2025;27/08/2025;VF;1;PR037;VD010;10;285,19
1000;183928;2025;27/08/2025;VF;1;PR038;VD040;6;168,30
1000;183929;2025;27/08/2025;VF;1;PR049;VD020;2;12,67
2000;183929;2025;27/08/2025;VF;2;PR006;VD048;7;56,89
1000;183930;2025;26/08/2025;VF;1;PR058;VD021;6;216,00
1000;183930;2025;26/08/2025;VF;2;PR059;VD033;6;216,00
1000;183931;2025;26/08/2025;VF;1;PR051;VD024;1;6,21
1000;183932;2025;26/08/2025;VF;1;PR038;VD013;7;188,95
1000;183933;2025;26/08/2025;VF;1;PR005;VD048;1;51,02
1000;183934;2025;26/08/2025;VF;1;PR008;VD015;20;366,26
1000;183935;2025;25/08/2025;VF;1;PR044;VD046;5;71,83
1000;183935;2025;25/08/2025;VF;2;PR022;VD021;3;178,33
1000;183935;2025;24/08/2025;VF;3;PR017;VD042;4;22,59
1000;183935;2025;24/08/2025;VF;4;PR008;VD043;10;174,81
1000;183936;2025;24/08/2025;VF;1;PR047;VD025;6;344,66
1000;183936;2025;24/08/2025;VF;2;PR041;VD041;2;21,55
1000;183937;2025;23/08/2025;VF;1;PR051;VD044;10;66,41
1000;183937;2025;23/08/2025;VF;2;PR001;VD032;6;79,08
1000;183938;2025;23/08/2025;VF;1;PR010;VD037;20;174,61
1000;183938;2025;23/08/2025;VF;2;PR047;VD033;8;442,37
1000;183939;2025;23/08/2025;VF;1;PR029;VD013;14;674,33
1000;183940;2025;23/08/2025;VF;1;PR031;VD036;2;92,56
1000;183941;2025;23/08/2025;VF;1;PR032;VD021;3;143,06
1000;183942;2025;22/08/2025;VF;1;PR037;VD049;3;80,11
1000;183943;2025;22/08/2025;VF;1;PR018;VD026;3;19,92
1000;183944;2025;21/08/2025;VF;1;PR048;VD040;2;109,52
2000;183945;2025;21/08/2025;VF;1;PR011;VD036;9;85,98
1000;183946;2025;21/08/2025;VF;1;PR021;VD019;2;115,55
1000;183947;2025;21/08/2025;VF;1;PR021;VD038;6;356,75
1000;183947;2025;21/08/2025;VF;2;PR049;VD021;2;12,55
1000;183948;2025;21/08/2025;VF;1;PR056;VD030;7;128,19
1000;183949;2025;21/08/2025;VF;1;PR005;VD028;6;311,88
1000;183949;2025;21/08/2025;VF;2;PR029;VD010;8;381,56
2000;183950;2025;21/08/2025;VF;1;PR054;VD032;10;99,80
1000;183951;2025;21/08/2025;VF;1;PR038;VD040;6;169,89
1000;183952;2025;21/08/2025;VF;1;PR042;VD012;8;83,77
2000;183952;2025;21/08/2025;VF;2;PR028;VD032;9;449,82
1000;183953;2025;21/08/2025;VF;1;PR039;VD027;6;171,96
2000;183954;2025;21/08/2025;VF;1;PR010;VD027;1;8,48
1000;183955;2025;21/08/2025;VF;1;PR050;VD029;16;97,48
1000;183956;2025;21/08/2025;VF;1;PR046;VD025;6;338,22
1000;183956;2025;20/08/2025;VF;2;PR036;VD024;2;37,75
1000;183957;2025;20/08/2025;VF;1;PR047;VD035;1;57,98
2000;183958;2025;20/08/2025;VF;1;PR014;VD028;4;29,85
1000;183959;2025;20/08/2025;VF;1;PR039;VD012;20;578,59
1000;183959;2025;20/08/2025;VF;2;PR051;VD034;6;39,11
1000;183960;2025;19/08/2025;VF;1;PR060;VD043;8;274,67
2000;183961;2025;19/08/2025;VF;1;PR050;VD040;10;60,93
1000;183962;2025;19/08/2025;VF;1;PR044;VD012;4;55,85
1000;183963;2025;19/08/2025;VF;1;PR013;VD031;14;112,75
1000;183964;2025;19/08/2025;VF;1;PR002;VD027;6;83,88
1000;183965;2025;19/08/2025;VF;1;PR031;VD024;6;277,67
1000;183965;2025;19/08/2025;VF;2;PR052;VD041;14;139,72
2000;183965;2025;19/08/2025;VF;3;PR058;VD030;2;67,33
1000;183966;2025;19/08/2025;VF;1;PR034;VD013;7;123,53
2000;183967;2025;18/08/2025;VF;1;PR052;VD041;18;179,64
1000;183968;2025;18/08/2025;VF;1;PR046;VD019;4;229,77
1000;183969;2025;17/08/2025;VF;1;PR056;VD039;14;247,06
1000;183970;2025;17/08/2025;VF;1;PR034;VD042;10;183,13
2000;183970;2025;17/08/2025;VF;2;PR029;VD043;1;49,58
1000;183971;2025;16/08/2025;VF;1;PR043;VD023;8;111,70
1000;183972;2025;16/08/2025;VF;1;PR014;VD035;5;39,16
1000;183973;2025;16/08/2025;VF;1;PR019;VD018;18;171,32
1000;183974;2025;16/08/2025;VF;1;PR057;VD028;6;99,89
1000;183975;2025;15/08/2025;VF;1;PR047;VD047;8;455,25
1000;183976;2025;15/08/2025;VF;1;PR012;VD042;16;155,03
1000;183976;2025;15/08/2025;VF;2;PR016;VD048;14;72,52
1000;183976;2025;15/08/2025;VF;3;PR047;VD049;2;114,89
1000;183977;2025;14/08/2025;VF;1;PR048;VD036;4;236,21
1000;183978;2025;14/08/2025;VF;1;PR020;VD038;4;228,81
2000;183979;2025;14/08/2025;VF;1;PR011;VD018;6;57,32
1000;183979;2025;14/08/2025;VF;2;PR049;VD043;7;45,21
2000;183980;2025;14/08/2025;VF;1;PR018;VD033;4;25,10
1000;183981;2025;14/08/2025;VF;1;PR051;VD010;9;54,83
1000;183981;2025;14/08/2025;VF;2;PR007;VD041;4;65,54
1000;183982;2025;14/08/2025;VF;1;PR008;VD046;3;53,44
1000;183983;2025;14/08/2025;VF;1;PR053;VD029;8;76,88
2000;183984;2025;14/08/2025;VF;1;PR060;VD015;20;693,33
1000;183985;2025;13/08/2025;VF;1;PR037;VD040;9;247,33
1000;183986;2025;13/08/2025;VF;1;PR050;VD028;2;12,31
2000;183987;2025;12/08/2025;VF;1;PR013;VD017;8;65,02
1000;183987;2025;12/08/2025;VF;2;PR024;VD043;10;490,92
1000;183988;2025;12/08/2025;VF;1;PR001;VD038;14;182,81
1000;183989;2025;12/08/2025;VF;1;PR004;VD019;1;27,93
1000;183990;2025;11/08/2025;VF;1;PR041;VD017;4;42,29
1000;183991;2025;11/08/2025;VF;1;PR055;VD040;16;277,03
1000;183992;2025;11/08/2025;VF;1;PR048;VD045;4;223,33
2000;183992;2025;10/08/2025;VF;2;PR024;VD019;4;205,99
1000;183992;2025;10/08/2025;VF;3;PR006;VD023;14;108,62
1000;183993;2025;10/08/2025;VF;1;PR022;VD029;7;388,89
1000;183994;2025;10/08/2025;VF;1;PR027;VD016;2;44,89
1000;183995;2025;10/08/2025;VF;1;PR017;VD029;12;70,43
1000;183996;2025;09/08/2025;VF;1;PR018;VD049;12;76,04
1000;183996;2025;09/08/2025;VF;2;PR003;VD024;9;118,17
1000;183997;2025;08/08/2025;VF;1;PR021;VD046;20;1155,51
1000;183998;2025;08/08/2025;VF;1;PR018;VD049;8;51,66
1000;183999;2025;08/08/2025;VF;1;PR047;VD019;8;468,14
1000;184000;2025;07/08/2025;VF;1;PR030;VD043;16;808,58
1000;184001;2025;07/08/2025;VF;1;PR011;VD026;14;131,32
1000;184001;2025;06/08/2025;VF;2;PR049;VD042;8;53,61
1000;184001;2025;06/08/2025;VF;3;PR057;VD034;4;67,92
1000;184002;2025;06/08/2025;VF;1;PR049;VD049;10;67,02
1000;184002;2025;06/08/2025;VF;2;PR037;VD029;4;108,89
2000;184003;2025;06/08/2025;VF;1;PR029;VD017;8;411,78
1000;184004;2025;06/08/2025;VF;1;PR007;VD027;18;294,92
1000;184004;2025;06/08/2025;VF;2;PR023;VD044;7;330,42
1000;184005;2025;05/08/2025;VF;1;PR003;VD011;2;26,52
1000;184006;2025;05/08/2025;VF;1;PR006;VD039;10;74,63
2000;184006;2025;05/08/2025;VF;2;PR014;VD039;7;56,38
1000;184006;2025;04/08/2025;VF;3;PR033;VD042;9;446,16
1000;184006;2025;04/08/2025;VF;4;PR017;VD022;2;11,74
1000;184007;2025;04/08/2025;VF;1;PR038;VD010;7;198,21
1000;184008;2025;04/08/2025;VF;1;PR020;VD038;5;294,35
1000;184009;2025;04/08/2025;VF;1;PR005;VD047;3;157,38
1000;184010;2025;04/08/2025;VF;1;PR058;VD014;1;35,33
1000;184011;2025;03/08/2025;VF;1;PR033;VD049;2;105,89
1000;184012;2025;03/08/2025;VF;1;PR049;VD047;1;6,40
1000;184012;2025;02/08/2025;VF;2;PR028;VD024;9;458,15
1000;184012;2025;02/08/2025;VF;3;PR034;VD029;8;142,51
1000;184013;2025;02/08/2025;VF;1;PR057;VD024;8;134,52
1000;184014;2025;02/08/2025;VF;1;PR007;VD048;14;244,97
2000;184015;2025;02/08/2025;VF;1;PR054;VD036;6;58,77
1000;184016;2025;02/08/2025;VF;1;PR026;VD016;6;404,33
2000;184017;2025;02/08/2025;VF;1;PR024;VD037;5;264,71
2000;184017;2025;02/08/2025;VF;2;PR044;VD045;8;114,93
1000;184017;2025;01/08/2025;VF;3;PR045;VD011;12;164,33
1000;184017;2025;01/08/2025;VF;4;PR060;VD037;8;274,67
1000;184018;2025;31/07/2025;VF;1;PR024;VD048;2;97,22
1000;184018;2025;31/07/2025;VF;2;PR056;VD038;9;152,83
1000;184019;2025;30/07/2025;VF;1;PR005;VD029;2;97,22
2000;184020;2025;30/07/2025;VF;1;PR042;VD036;9;98,82
1000;184021;2025;29/07/2025;VF;1;PR039;VD013;9;255,50
1000;184022;2025;29/07/2025;VF;1;PR021;VD027;4;233,34
1000;184023;2025;29/07/2025;VF;1;PR047;VD030;10;563,69
1000;184024;2025;28/07/2025;VF;1;PR056;VD015;7;117,70
1000;184025;2025;28/07/2025;VF;1;PR057;VD010;4;70,59
1000;184026;2025;28/07/2025;VF;1;PR023;VD021;6;297,10
1000;184027;2025;27/07/2025;VF;1;PR001;VD036;8;106,42
1000;184028;2025;27/07/2025;VF;1;PR043;VD040;2;28,73
1000;184029;2025;27/07/2025;VF;1;PR058;VD030;4;133,33
1000;184030;2025;26/07/2025;VF;1;PR023;VD039;9;458,15
1000;184031;2025;26/07/2025;VF;1;PR012;VD032;12;113,01
1000;184032;2025;26/07/2025;VF;1;PR026;VD043;2;142,55
1000;184033;2025;26/07/2025;VF;1;PR002;VD036;8;108,73
1000;184034;2025;25/07/2025;VF;1;PR028;VD043;4;194,37
1000;184034;2025;25/07/2025;VF;2;PR044;VD021;6;81,36
1000;184034;2025;24/07/2025;VF;3;PR017;VD026;2;12,07
1000;184035;2025;24/07/2025;VF;1;PR008;VD027;6;109,88
1000;184036;2025;24/07/2025;VF;1;PR041;VD018;3;32,64
1000;184036;2025;24/07/2025;VF;2;PR012;VD013;8;74,62
1000;184037;2025;24/07/2025;VF;1;PR039;VD027;2;57,86
1000;184037;2025;24/07/2025;VF;2;PR054;VD036;4;38,07
1000;184038;2025;24/07/2025;VF;1;PR057;VD021;6;99,89
1000;184038;2025;24/07/2025;VF;2;PR013;VD010;14;103,44
1000;184039;2025;23/07/2025;VF;1;PR033;VD038;4;194,44
1000;184040;2025;23/07/2025;VF;1;PR009;VD012;2;34,75
1000;184041;2025;23/07/2025;VF;1;PR016;VD010;4;19,76
2000;184041;2025;22/07/2025;VF;2;PR023;VD018;10;485,92
1000;184042;2025;22/07/2025;VF;1;PR031;VD035;10;490,00
1000;184043;2025;21/07/2025;VF;1;PR024;VD031;4;196,37
1000;184044;2025;21/07/2025;VF;1;PR014;VD023;4;31,92
2000;184045;2025;21/07/2025;VF;1;PR055;VD018;4;67,92
1000;184046;2025;21/07/2025;VF;1;PR007;VD010;10;168,62
1000;184047;2025;21/07/2025;VF;1;PR043;VD035;2;27,93
1000;184047;2025;21/07/2025;VF;2;PR005;VD049;8;423,54
1000;184048;2025;21/07/2025;VF;1;PR006;VD011;2;16,26
1000;184049;2025;21/07/2025;VF;1;PR053;VD012;2;18,48
1000;184049;2025;21/07/2025;VF;2;PR042;VD018;10;108,78
1000;184050;2025;21/07/2025;VF;1;PR060;VD047;16;544,00
1000;184051;2025;21/07/2025;VF;1;PR054;VD019;3;29,11
1000;184051;2025;21/07/2025;VF;2;PR026;VD036;7;498,93
2000;184051;2025;21/07/2025;VF;3;PR002;VD046;5;66,02
2000;184052;2025;20/07/2025;VF;1;PR001;VD021;3;39,54
1000;184053;2025;20/07/2025;VF;1;PR044;VD030;3;43,10
1000;184054;2025;20/07/2025;VF;1;PR028;VD021;2;98,11
1000;184055;2025;20/07/2025;VF;1;PR045;VD024;18;265,83
1000;184055;2025;20/07/2025;VF;2;PR052;VD038;8;76,88
2000;184056;2025;20/07/2025;VF;1;PR024;VD026;4;207,92
1000;184056;2025;20/07/2025;VF;2;PR013;VD028;20;152,21
1000;184057;2025;19/07/2025;VF;1;PR053;VD049;6;56,00
1000;184057;2025;19/07/2025;VF;2;PR029;VD029;8;404,22
1000;184058;2025;19/07/2025;VF;1;PR001;VD014;6;78,35
2000;184059;2025;19/07/2025;VF;1;PR059;VD025;12;424,00
1000;184060;2025;19/07/2025;VF;1;PR039;VD036;8;222,79
2000;184060;2025;18/07/2025;VF;2;PR026;VD026;9;594,83
2000;184061;2025;18/07/2025;VF;1;PR057;VD032;8;134,52
1000;184062;2025;17/07/2025;VF;1;PR003;VD037;20;262,59
1000;184062;2025;17/07/2025;VF;2;PR050;VD032;2;13,16
1000;184063;2025;17/07/2025;VF;1;PR027;VD022;6;134,67
2000;184064;2025;16/07/2025;VF;1;PR018;VD018;8;50,20
1000;184064;2025;16/07/2025;VF;2;PR038;VD024;3;80,98
1000;184065;2025;16/07/2025;VF;1;PR046;VD012;12;669,99
1000;184066;2025;16/07/2025;VF;1;PR008;VD023;4;72,59
2000;184067;2025;16/07/2025;VF;1;PR022;VD018;18;1070,00
1000;184068;2025;16/07/2025;VF;1;PR038;VD020;18;504,91
1000;184068;2025;16/07/2025;VF;2;PR045;VD039;6;86,19
1000;184069;2025;16/07/2025;VF;1;PR005;VD048;9;454,83
1000;184070;2025;15/07/2025;VF;1;PR009;VD048;5;86,88
1000;184071;2025;15/07/2025;VF;1;PR025;VD016;1;57,76
1000;184072;2025;15/07/2025;VF;1;PR037;VD045;7;199,63
1000;184073;2025;15/07/2025;VF;1;PR035;VD040;6;103,59
1000;184074;2025;15/07/2025;VF;1;PR047;VD035;6;354,32
1000;184075;2025;15/07/2025;VF;1;PR021;VD046;1;58,90
1000;184076;2025;15/07/2025;VF;1;PR019;VD019;12;120,87
1000;184077;2025;15/07/2025;VF;1;PR053;VD041;8;76,14
1000;184078;2025;15/07/2025;VF;1;PR051;VD023;7;45,21
1000;184079;2025;15/07/2025;VF;1;PR047;VD021;2;110,59
1000;184080;2025;15/07/2025;VF;1;PR048;VD045;4;236,21
1000;184081;2025;15/07/2025;VF;1;PR014;VD049;6;45,66
1000;184082;2025;14/07/2025;VF;1;PR050;VD019;2;12,67
2000;184083;2025;14/07/2025;VF;1;PR008;VD038;8;135,85
1000;184084;2025;14/07/2025;VF;1;PR018;VD022;20;125,51
1000;184085;2025;14/07/2025;VF;1;PR043;VD025;4;56,93
1000;184086;2025;14/07/2025;VF;1;PR010;VD026;5;45,32
1000;184087;2025;14/07/2025;VF;1;PR032;VD015;20;981,48
1000;184088;2025;14/07/2025;VF;1;PR003;VD049;3;41,36
1000;184089;2025;14/07/2025;VF;1;PR019;VD022;14;130,66
1000;184090;2025;14/07/2025;VF;1;PR048;VD026;8;433,78
1000;184091;2025;14/07/2025;VF;1;PR032;VD013;10;476,85
1000;184092;2025;14/07/2025;VF;1;PR058;VD041;10;356,67
1000;184093;2025;14/07/2025;VF;1;PR019;VD027;8;76,14
1000;184093;2025;14/07/2025;VF;2;PR004;VD020;10;273,89
1000;184094;2025;13/07/2025;VF;1;PR043;VD030;4;57,46
1000;184095;2025;13/07/2025;VF;1;PR031;VD020;10;471,85
2000;184095;2025;13/07/2025;VF;2;PR026;VD023;2;137,37
1000;184096;2025;12/07/2025;VF;1;PR041;VD032;18;197,64
1000;184096;2025;12/07/2025;VF;2;PR047;VD026;6;341,44
1000;184097;2025;12/07/2025;VF;1;PR029;VD023;2;101,06
1000;184098;2025;12/07/2025;VF;1;PR018;VD040;18;118,44
1000;184099;2025;11/07/2025;VF;1;PR025;VD038;8;444,30
1000;184100;2025;11/07/2025;VF;1;PR012;VD035;9;88,84
1000;184101;2025;11/07/2025;VF;1;PR059;VD019;3;104,00
1000;184102;2025;11/07/2025;VF;1;PR021;VD014;1;61,14
2000;184102;2025;11/07/2025;VF;2;PR045;VD043;10;135,60
2000;184103;2025;10/07/2025;VF;1;PR045;VD044;5;69,14
1000;184104;2025;10/07/2025;VF;1;PR048;VD018;7;409,62
1000;184105;2025;10/07/2025;VF;1;PR052;VD043;5;48,05
1000;184106;2025;10/07/2025;VF;1;PR038;VD042;20;582,19
1000;184107;2025;10/07/2025;VF;1;PR032;VD046;5;254,63
1000;184107;2025;10/07/2025;VF;2;PR046;VD018;5;268,43
1000;184108;2025;10/07/2025;VF;1;PR056;VD029;1;17,81
1000;184109;2025;10/07/2025;VF;1;PR018;VD042;8;53,61
1000;184110;2025;10/07/2025;VF;1;PR020;VD024;18;1009,66
1000;184111;2025;10/07/2025;VF;1;PR011;VD013;2;17,89
1000;184112;2025;09/07/2025;VF;1;PR025;VD047;2;117,74
1000;184113;2025;09/07/2025;VF;1;PR044;VD020;9;120,83
1000;184114;2025;08/07/2025;VF;1;PR054;VD011;2;18,67
1000;184115;2025;08/07/2025;VF;1;PR004;VD039;14;409,76
1000;184115;2025;07/07/2025;VF;2;PR032;VD017;12;561,11
1000;184116;2025;07/07/2025;VF;1;PR060;VD040;18;636,00
1000;184116;2025;07/07/2025;VF;2;PR041;VD018;1;10,98
1000;184116;2025;07/07/2025;VF;3;PR029;VD029;6;291,83
1000;184117;2025;07/07/2025;VF;1;PR039;VD034;16;432,59
1000;184118;2025;06/07/2025;VF;1;PR048;VD026;6;328,55
1000;184118;2025;06/07/2025;VF;2;PR015;VD012;2;15,90
1000;184119;2025;06/07/2025;VF;1;PR051;VD036;10;64,58
2000;184119;2025;06/07/2025;VF;2;PR060;VD021;12;416,00
2000;184120;2025;05/07/2025;VF;1;PR053;VD047;6;58,77
1000;184120;2025;05/07/2025;VF;2;PR051;VD016;8;48,74
1000;184120;2025;05/07/2025;VF;3;PR035;VD016;12;205,14
2000;184120;2025;04/07/2025;VF;4;PR046;VD031;14;759,11
2000;184120;2025;04/07/2025;VF;5;PR057;VD047;12;207,77
1000;184121;2025;03/07/2025;VF;1;PR050;VD031;20;129,16
1000;184121;2025;03/07/2025;VF;2;PR012;VD020;14;131,85
1000;184121;2025;03/07/2025;VF;3;PR011;VD038;10;91,19
1000;184122;2025;02/07/2025;VF;1;PR024;VD041;2;102,04
1000;184123;2025;02/07/2025;VF;1;PR049;VD017;20;124,29
1000;184124;2025;01/07/2025;VF;1;PR050;VD011;2;13,16
2000;184124;2025;01/07/2025;VF;2;PR008;VD046;2;34,63
2000;184124;2025;01/07/2025;VF;3;PR024;VD039;2;103,96
1000;184125;2025;30/06/2025;VF;1;PR016;VD028;5;24,46
1000;184125;2025;30/06/2025;VF;2;PR025;VD047;20;1166,28
2000;184126;2025;30/06/2025;VF;1;PR055;VD047;8;145,17
1000;184126;2025;30/06/2025;VF;2;PR047;VD025;7;390,83
1000;184127;2025;30/06/2025;VF;1;PR001;VD012;12;156,70
1000;184128;2025;30/06/2025;VF;1;PR017;VD032;18;103,65
1000;184129;2025;30/06/2025;VF;1;PR031;VD039;2;98,00
1000;184130;2025;30/06/2025;VF;1;PR059;VD024;14;476,00
1000;184131;2025;30/06/2025;VF;1;PR008;VD046;8;143,84
1000;184131;2025;30/06/2025;VF;2;PR044;VD037;8;108,48
1000;184131;2025;29/06/2025;VF;3;PR034;VD020;2;33,96
1000;184131;2025;29/06/2025;VF;4;PR020;VD014;8;488,73
1000;184132;2025;28/06/2025;VF;1;PR056;VD013;16;266,37
1000;184132;2025;28/06/2025;VF;2;PR057;VD018;14;249,39
1000;184132;2025;28/06/2025;VF;3;PR038;VD031;14;403,82
1000;184133;2025;28/06/2025;VF;1;PR033;VD041;2;99,15
1000;184134;2025;27/06/2025;VF;1;PR008;VD019;10;173,14
2000;184135;2025;27/06/2025;VF;1;PR051;VD037;4;25,10
2000;184136;2025;26/06/2025;VF;1;PR038;VD022;7;203,76
1000;184137;2025;26/06/2025;VF;1;PR009;VD013;2;36,13
1000;184137;2025;25/06/2025;VF;2;PR017;VD022;8;48,73
1000;184138;2025;25/06/2025;VF;1;PR036;VD048;14;254,53
1000;184138;2025;25/06/2025;VF;2;PR008;VD014;8;145,17
1000;184138;2025;24/06/2025;VF;3;PR047;VD019;5;287,22
2000;184139;2025;24/06/2025;VF;1;PR046;VD021;3;172,33
1000;184140;2025;23/06/2025;VF;1;PR050;VD018;4;26,81
1000;184141;2025;23/06/2025;VF;1;PR038;VD034;1;27,52
1000;184142;2025;23/06/2025;VF;1;PR046;VD018;3;175,55
1000;184142;2025;23/06/2025;VF;2;PR004;VD026;2;55,85
1000;184143;2025;23/06/2025;VF;1;PR030;VD012;9;433,17
1000;184143;2025;23/06/2025;VF;2;PR019;VD027;1;9,24
1000;184144;2025;23/06/2025;VF;1;PR019;VD019;20;190,36
1000;184145;2025;23/06/2025;VF;1;PR020;VD038;7;412,09
1000;184146;2025;23/06/2025;VF;1;PR041;VD023;16;164,29
2000;184147;2025;23/06/2025;VF;1;PR004;VD039;8;214,81
1000;184147;2025;23/06/2025;VF;2;PR028;VD038;6;286,00
1000;184148;2025;22/06/2025;VF;1;PR023;VD012;10;495,17
1000;184149;2025;22/06/2025;VF;1;PR033;VD015;7;353,75
1000;184150;2025;22/06/2025;VF;1;PR014;VD028;10;79,80
2000;184151;2025;21/06/2025;VF;1;PR003;VD043;12;165,43
1000;184151;2025;21/06/2025;VF;2;PR037;VD047;16;427,26
1000;184152;2025;21/06/2025;VF;1;PR010;VD048;20;169,62
1000;184153;2025;21/06/2025;VF;1;PR023;VD034;4;196,22
1000;184154;2025;21/06/2025;VF;1;PR038;VD024;1;26,46
1000;184155;2025;20/06/2025;VF;1;PR021;VD018;4;224,37
1000;184156;2025;20/06/2025;VF;1;PR022;VD045;20;1111,11
1000;184156;2025;19/06/2025;VF;2;PR002;VD023;3;40,78
1000;184157;2025;19/06/2025;VF;1;PR035;VD010;6;103,59
2000;184158;2025;19/06/2025;VF;1;PR045;VD031;2;27,12
1000;184158;2025;18/06/2025;VF;2;PR011;VD040;4;37,52
2000;184159;2025;18/06/2025;VF;1;PR028;VD010;10;495,17
1000;184160;2025;17/06/2025;VF;1;PR007;VD017;14;236,07
2000;184160;2025;17/06/2025;VF;2;PR052;VD029;6;60,44
1000;184160;2025;16/06/2025;VF;3;PR046;VD022;4;234,07
1000;184160;2025;16/06/2025;VF;4;PR008;VD038;8;142,51
1000;184161;2025;16/06/2025;VF;1;PR039;VD038;1;27,04
2000;184162;2025;15/06/2025;VF;1;PR038;VD012;4;106,91
1000;184163;2025;15/06/2025;VF;1;PR030;VD035;2;105,89
1000;184164;2025;15/06/2025;VF;1;PR015;VD013;20;166,85
1000;184165;2025;14/06/2025;VF;1;PR025;VD021;12;713,10
1000;184166;2025;14/06/2025;VF;1;PR016;VD023;14;73,86
1000;184167;2025;14/06/2025;VF;1;PR048;VD038;2;114,89
1000;184168;2025;13/06/2025;VF;1;PR051;VD010;10;63,36
1000;184169;2025;13/06/2025;VF;1;PR060;VD025;7;247,33
2000;184170;2025;12/06/2025;VF;1;PR056;VD035;4;68,59
1000;184170;2025;12/06/2025;VF;2;PR033;VD036;1;48,61
1000;184171;2025;12/06/2025;VF;1;PR040;VD036;8;106,81
1000;184172;2025;12/06/2025;VF;1;PR045;VD020;6;80,56
2000;184173;2025;12/06/2025;VF;1;PR017;VD022;10;60,35
2000;184174;2025;12/06/2025;VF;1;PR033;VD036;10;514,99
1000;184175;2025;12/06/2025;VF;1;PR017;VD025;1;5,59
1000;184176;2025;12/06/2025;VF;1;PR055;VD037;3;54,94
1000;184177;2025;12/06/2025;VF;1;PR019;VD027;4;40,29
1000;184178;2025;11/06/2025;VF;1;PR014;VD018;18;143,64
1000;184179;2025;11/06/2025;VF;1;PR045;VD036;14;189,84
1000;184180;2025;11/06/2025;VF;1;PR036;VD034;8;142,67
1000;184181;2025;10/06/2025;VF;1;PR007;VD013;3;51,54
1000;184182;2025;10/06/2025;VF;1;PR051;VD028;7;42,65
1000;184183;2025;10/06/2025;VF;1;PR020;VD013;20;1221,81
1000;184184;2025;10/06/2025;VF;1;PR021;VD033;6;370,21
1000;184184;2025;09/06/2025;VF;2;PR034;VD017;8;134,52
2000;184185;2025;09/06/2025;VF;1;PR032;VD016;12;583,33
2000;184186;2025;09/06/2025;VF;1;PR032;VD014;5;245,37
1000;184187;2025;08/06/2025;VF;1;PR053;VD029;8;79,84
2000;184188;2025;08/06/2025;VF;1;PR014;VD029;20;149,26
1000;184188;2025;08/06/2025;VF;2;PR005;VD047;2;104,92
1000;184189;2025;08/06/2025;VF;1;PR008;VD032;18;317,65
1000;184190;2025;07/06/2025;VF;1;PR048;VD044;18;1062,97
1000;184190;2025;07/06/2025;VF;2;PR011;VD030;8;72,26
2000;184191;2025;07/06/2025;VF;1;PR057;VD025;14;249,39
1000;184192;2025;06/06/2025;VF;1;PR029;VD033;3;145,92
1000;184193;2025;06/06/2025;VF;1;PR053;VD031;7;64,69
2000;184194;2025;06/06/2025;VF;1;PR018;VD027;10;62,14
1000;184195;2025;06/06/2025;VF;1;PR048;VD046;12;695,76
1000;184196;2025;06/06/2025;VF;1;PR031;VD011;10;458,24
1000;184197;2025;05/06/2025;VF;1;PR042;VD020;3;31,41
1000;184198;2025;05/06/2025;VF;1;PR053;VD027;12;112,00
1000;184199;2025;04/06/2025;VF;1;PR032;VD047;18;900,00
2000;184199;2025;04/06/2025;VF;2;PR015;VD038;12;99,17
2000;184199;2025;04/06/2025;VF;3;PR059;VD047;14;494,67
1000;184199;2025;04/06/2025;VF;4;PR004;VD022;6;164,33
2000;184199;2025;04/06/2025;VF;5;PR028;VD026;5;252,21
1000;184200;2025;04/06/2025;VF;1;PR037;VD019;12;323,56
2000;184200;2025;04/06/2025;VF;2;PR031;VD036;6;277,67
1000;184201;2025;04/06/2025;VF;1;PR038;VD033;10;267,28
1000;184202;2025;04/06/2025;VF;1;PR009;VD035;16;286,27
2000;184203;2025;04/06/2025;VF;1;PR041;VD019;3;31,72
1000;184204;2025;04/06/2025;VF;1;PR026;VD027;12;855,31
1000;184205;2025;04/06/2025;VF;1;PR026;VD030;2;132,19
1000;184206;2025;03/06/2025;VF;1;PR012;VD027;18;172,78
1000;184207;2025;03/06/2025;VF;1;PR010;VD025;14;124,56
1000;184208;2025;03/06/2025;VF;1;PR060;VD033;10;363,33
1000;184209;2025;03/06/2025;VF;1;PR016;VD011;2;9,59
1000;184210;2025;03/06/2025;VF;1;PR044;VD044;8;107,41
1000;184211;2025;02/06/2025;VF;1;PR001;VD027;2;24,65
1000;184212;2025;02/06/2025;VF;1;PR013;VD044;5;39,90
1000;184213;2025;02/06/2025;VF;1;PR017;VD020;2;11,41
1000;184214;2025;02/06/2025;VF;1;PR036;VD010;10;173,15
1000;184215;2025;02/06/2025;VF;1;PR009;VD048;16;289,02
1000;184215;2025;02/06/2025;VF;2;PR009;VD043;2;36,82
1000;184216;2025;01/06/2025;VF;1;PR001;VD044;1;12,33
1000;184217;2025;01/06/2025;VF;1;PR056;VD020;10;169,81
1000;184217;2025;01/06/2025;VF;2;PR008;VD023;2;35,96
1000;184218;2025;01/06/2025;VF;1;PR051;VD011;10;62,75
1000;184219;2025;01/06/2025;VF;1;PR037;VD019;4;114,07
1000;184220;2025;31/05/2025;VF;1;PR055;VD038;20;356,27
1000;184221;2025;31/05/2025;VF;1;PR005;VD049;5;252,68
1000;184222;2025;30/05/2025;VF;1;PR025;VD018;8;466,51
1000;184223;2025;30/05/2025;VF;1;PR034;VD015;2;35,63
1000;184224;2025;30/05/2025;VF;1;PR048;VD034;20;1084,44
1000;184225;2025;29/05/2025;VF;1;PR024;VD046;2;98,19
1000;184226;2025;29/05/2025;VF;1;PR028;VD014;4;198,07
1000;184227;2025;28/05/2025;VF;1;PR018;VD041;3;19,01
1000;184228;2025;28/05/2025;VF;1;PR001;VD027;18;226,26
1000;184229;2025;28/05/2025;VF;1;PR021;VD048;2;114,43
1000;184229;2025;28/05/2025;VF;2;PR012;VD012;3;28,25
1000;184230;2025;27/05/2025;VF;1;PR035;VD023;1;18,45
2000;184230;2025;27/05/2025;VF;2;PR006;VD030;16;127,68
1000;184231;2025;26/05/2025;VF;1;PR053;VD011;8;76,88
1000;184232;2025;26/05/2025;VF;1;PR009;VD028;8;141,76
1000;184233;2025;25/05/2025;VF;1;PR004;VD043;8;221,26
1000;184234;2025;25/05/2025;VF;1;PR024;VD027;4;198,29
2000;184235;2025;25/05/2025;VF;1;PR035;VD046;2;35,21
2000;184235;2025;24/05/2025;VF;2;PR031;VD029;16;740,44
1000;184236;2025;24/05/2025;VF;1;PR052;VD043;10;97,95
1000;184237;2025;24/05/2025;VF;1;PR044;VD023;1;14,37
1000;184238;2025;24/05/2025;VF;1;PR047;VD041;9;531,48
1000;184239;2025;24/05/2025;VF;1;PR023;VD021;3;141,61
1000;184240;2025;24/05/2025;VF;1;PR036;VD022;20;356,69
1000;184241;2025;24/05/2025;VF;1;PR048;VD013;10;563,69
1000;184242;2025;23/05/2025;VF;1;PR056;VD036;10;174,81
1000;184243;2025;23/05/2025;VF;1;PR018;VD011;9;59,22
1000;184244;2025;23/05/2025;VF;1;PR017;VD020;8;44,74
1000;184245;2025;23/05/2025;VF;1;PR048;VD046;10;574,43
1000;184246;2025;23/05/2025;VF;1;PR014;VD029;18;133,00
1000;184247;2025;23/05/2025;VF;1;PR008;VD020;1;16,81
1000;184248;2025;22/05/2025;VF;1;PR032;VD042;7;346,76
1000;184248;2025;22/05/2025;VF;2;PR024;VD028;20;1029,97
1000;184249;2025;22/05/2025;VF;1;PR047;VD020;12;689,32
1000;184250;2025;21/05/2025;VF;1;PR033;VD031;4;202,14
1000;184250;2025;21/05/2025;VF;2;PR017;VD024;2;12,07
1000;184251;2025;21/05/2025;VF;1;PR022;VD029;18;1080,00
1000;184252;2025;21/05/2025;VF;1;PR022;VD011;2;115,56
1000;184252;2025;20/05/2025;VF;2;PR038;VD032;8;220,17
1000;184253;2025;20/05/2025;VF;1;PR060;VD047;16;581,33
1000;184254;2025;20/05/2025;VF;1;PR049;VD035;3;19,01
1000;184255;2025;20/05/2025;VF;1;PR035;VD045;5;86,32
1000;184256;2025;19/05/2025;VF;1;PR017;VD032;18;103,65
1000;184257;2025;19/05/2025;VF;1;PR060;VD020;9;312,00
2000;184258;2025;18/05/2025;VF;1;PR036;VD046;10;190,46
1000;184258;2025;18/05/2025;VF;2;PR043;VD022;2;28,46
1000;184259;2025;18/05/2025;VF;1;PR007;VD041;2;34,68
1000;184260;2025;18/05/2025;VF;1;PR037;VD043;9;240,33
1000;184261;2025;18/05/2025;VF;1;PR030;VD010;18;952,97
2000;184262;2025;18/05/2025;VF;1;PR049;VD049;4;26,32
1000;184262;2025;18/05/2025;VF;2;PR024;VD033;5;243,06
1000;184262;2025;18/05/2025;VF;3;PR025;VD027;16;977,45
2000;184263;2025;18/05/2025;VF;1;PR040;VD020;5;71,30
1000;184264;2025;17/05/2025;VF;1;PR012;VD042;6;58,68
1000;184265;2025;17/05/2025;VF;1;PR050;VD039;2;12,19
1000;184265;2025;17/05/2025;VF;2;PR036;VD010;8;139,90
1000;184266;2025;17/05/2025;VF;1;PR031;VD030;9;412,42
1000;184267;2025;16/05/2025;VF;1;PR060;VD045;3;103,00
1000;184267;2025;16/05/2025;VF;2;PR028;VD038;1;46,28
1000;184267;2025;16/05/2025;VF;3;PR056;VD031;18;323,64
1000;184268;2025;16/05/2025;VF;1;PR055;VD041;6;101,89
1000;184268;2025;16/05/2025;VF;2;PR058;VD027;18;654,00
1000;184269;2025;16/05/2025;VF;1;PR021;VD025;10;605,80
1000;184269;2025;15/05/2025;VF;2;PR019;VD033;6;58,22
1000;184270;2025;15/05/2025;VF;1;PR024;VD014;20;1039,60
1000;184271;2025;15/05/2025;VF;1;PR042;VD042;3;31,72
1000;184272;2025;15/05/2025;VF;1;PR041;VD012;1;10,27
1000;184272;2025;15/05/2025;VF;2;PR055;VD040;4;69,26
1000;184273;2025;15/05/2025;VF;1;PR011;VD018;8;70,18
2000;184273;2025;15/05/2025;VF;2;PR053;VD016;16;153,77
1000;184274;2025;14/05/2025;VF;1;PR044;VD012;8;113,85
1000;184275;2025;14/05/2025;VF;1;PR024;VD036;16;793,18
2000;184276;2025;14/05/2025;VF;1;PR029;VD017;8;404,22
1000;184277;2025;14/05/2025;VF;1;PR039;VD037;16;449,90
2000;184278;2025;14/05/2025;VF;1;PR002;VD015;1;13,33
2000;184279;2025;13/05/2025;VF;1;PR007;VD035;2;34,36
1000;184279;2025;13/05/2025;VF;2;PR012;VD027;6;54,88
1000;184280;2025;13/05/2025;VF;1;PR034;VD017;3;50,94
2000;184280;2025;13/05/2025;VF;2;PR039;VD020;14;393,66
1000;184281;2025;12/05/2025;VF;1;PR015;VD048;6;49,58
2000;184281;2025;12/05/2025;VF;2;PR029;VD043;5;240,83
1000;184282;2025;11/05/2025;VF;1;PR016;VD039;4;20,72
1000;184283;2025;11/05/2025;VF;1;PR012;VD037;2;18,47
1000;184283;2025;10/05/2025;VF;2;PR020;VD014;2;122,18
1000;184284;2025;10/05/2025;VF;1;PR043;VD039;8;108,48
1000;184284;2025;09/05/2025;VF;2;PR059;VD039;14;485,33
1000;184285;2025;09/05/2025;VF;1;PR053;VD035;1;9,52
1000;184286;2025;09/05/2025;VF;1;PR016;VD041;10;50,36
1000;184286;2025;09/05/2025;VF;2;PR038;VD031;8;218,06
1000;184287;2025;09/05/2025;VF;1;PR059;VD045;2;70,00
2000;184288;2025;09/05/2025;VF;1;PR047;VD018;16;876,14
1000;184289;2025;09/05/2025;VF;1;PR011;VD032;2;17,72
1000;184290;2025;08/05/2025;VF;1;PR054;VD046;8;79,84
1000;184291;2025;08/05/2025;VF;1;PR058;VD033;10;366,67
2000;184292;2025;07/05/2025;VF;1;PR002;VD043;16;207,11
1000;184293;2025;07/05/2025;VF;1;PR052;VD025;8;81,32
1000;184294;2025;07/05/2025;VF;1;PR002;VD029;8;103,56
1000;184295;2025;07/05/2025;VF;1;PR050;VD026;18;111,86
1000;184296;2025;07/05/2025;VF;1;PR040;VD031;4;52,37
1000;184297;2025;07/05/2025;VF;1;PR021;VD049;2;115,55
1000;184298;2025;07/05/2025;VF;1;PR028;VD011;2;93,48
1000;184299;2025;06/05/2025;VF;1;PR020;VD019;6;353,21
1000;184300;2025;06/05/2025;VF;1;PR052;VD030;20;203,30
2000;184300;2025;06/05/2025;VF;2;PR033;VD017;9;459,16
1000;184301;2025;06/05/2025;VF;1;PR016;VD039;4;19,19
1000;184301;2025;06/05/2025;VF;2;PR034;VD028;20;352,94
1000;184302;2025;06/05/2025;VF;1;PR014;VD047;4;30,74
1000;184302;2025;06/05/2025;VF;2;PR048;VD034;4;216,89
2000;184303;2025;06/05/2025;VF;1;PR040;VD021;4;52,37
1000;184304;2025;06/05/2025;VF;1;PR055;VD041;8;137,18
1000;184305;2025;06/05/2025;VF;1;PR035;VD039;6;107,65
1000;184305;2025;05/05/2025;VF;2;PR007;VD021;8;139,99
1000;184306;2025;05/05/2025;VF;1;PR020;VD024;2;111,07
1000;184307;2025;05/05/2025;VF;1;PR052;VD040;10;94,26
2000;184307;2025;05/05/2025;VF;2;PR003;VD017;20;288,85
2000;184308;2025;04/05/2025;VF;1;PR018;VD011;16;105,28
1000;184309;2025;04/05/2025;VF;1;PR012;VD035;14;126,78
2000;184310;2025;04/05/2025;VF;1;PR019;VD032;14;141,01
2000;184310;2025;03/05/2025;VF;2;PR026;VD021;14;988,79
1000;184311;2025;03/05/2025;VF;1;PR049;VD031;18;117,34
2000;184311;2025;03/05/2025;VF;2;PR012;VD026;5;45,28
1000;184312;2025;03/05/2025;VF;1;PR015;VD033;20;170,00
1000;184313;2025;03/05/2025;VF;1;PR036;VD017;5;86,57
1000;184314;2025;03/05/2025;VF;1;PR013;VD041;8;59,70
1000;184315;2025;02/05/2025;VF;1;PR015;VD027;2;16,53
1000;184316;2025;02/05/2025;VF;1;PR024;VD049;2;103,00
2000;184317;2025;01/05/2025;VF;1;PR042;VD025;2;21,55
1000;184317;2025;01/05/2025;VF;2;PR047;VD039;20;1095,18
1000;184317;2025;01/05/2025;VF;3;PR010;VD045;8;69,18
1000;184318;2025;01/05/2025;VF;1;PR004;VD047;2;53,70
2000;184319;2025;01/05/2025;VF;1;PR028;VD027;8;399,84
1000;184320;2025;30/04/2025;VF;1;PR029;VD025;4;194,56
1000;184321;2025;30/04/2025;VF;1;PR046;VD042;10;558,33
1000;184322;2025;30/04/2025;VF;1;PR043;VD041;10;139,63
2000;184323;2025;30/04/2025;VF;1;PR034;VD032;8;134,52
1000;184324;2025;29/04/2025;VF;1;PR041;VD044;6;62,22
1000;184324;2025;29/04/2025;VF;2;PR004;VD041;12;348,00
1000;184325;2025;29/04/2025;VF;1;PR041;VD033;6;62,22
1000;184326;2025;29/04/2025;VF;1;PR048;VD028;10;574,43
1000;184327;2025;29/04/2025;VF;1;PR051;VD025;14;92,97
1000;184328;2025;29/04/2025;VF;1;PR025;VD016;10;566,48
1000;184329;2025;29/04/2025;VF;1;PR055;VD029;2;36,29
1000;184329;2025;29/04/2025;VF;2;PR043;VD042;18;244,08
1000;184330;2025;29/04/2025;VF;1;PR010;VD015;12;99,78
1000;184331;2025;29/04/2025;VF;1;PR043;VD025;8;109,56
1000;184332;2025;29/04/2025;VF;1;PR041;VD028;6;62,22
1000;184333;2025;29/04/2025;VF;1;PR001;VD031;8;106,42
1000;184334;2025;28/04/2025;VF;1;PR007;VD044;3;47,72
2000;184335;2025;28/04/2025;VF;1;PR032;VD019;6;280,56
1000;184336;2025;28/04/2025;VF;1;PR040;VD035;2;26,44
1000;184336;2025;28/04/2025;VF;2;PR027;VD020;12;288,00
1000;184336;2025;28/04/2025;VF;3;PR021;VD025;8;453,23
2000;184336;2025;28/04/2025;VF;4;PR007;VD010;14;242,75
1000;184337;2025;27/04/2025;VF;1;PR049;VD023;4;25,59
1000;184338;2025;27/04/2025;VF;1;PR011;VD045;7;63,23
1000;184339;2025;27/04/2025;VF;1;PR014;VD015;16;119,40
1000;184339;2025;27/04/2025;VF;2;PR021;VD040;18;1100,54
1000;184339;2025;27/04/2025;VF;3;PR011;VD027;8;75,74
1000;184340;2025;26/04/2025;VF;1;PR003;VD019;3;39,39
1000;184340;2025;26/04/2025;VF;2;PR045;VD016;5;70,49
1000;184341;2025;26/04/2025;VF;1;PR056;VD013;3;54,44
1000;184342;2025;26/04/2025;VF;1;PR039;VD025;18;506,13
1000;184343;2025;25/04/2025;VF;1;PR001;VD025;9;113,13
1000;184344;2025;25/04/2025;VF;1;PR004;VD021;10;284,63
1000;184344;2025;25/04/2025;VF;2;PR026;VD011;3;196,33
1000;184345;2025;25/04/2025;VF;1;PR013;VD025;18;135,66
1000;184346;2025;25/04/2025;VF;1;PR033;VD023;7;370,60
1000;184347;2025;24/04/2025;VF;1;PR052;VD022;5;47,13
2000;184348;2025;24/04/2025;VF;1;PR028;VD024;18;833,00
1000;184349;2025;24/04/2025;VF;1;PR032;VD026;7;330,56
1000;184349;2025;24/04/2025;VF;2;PR014;VD019;2;15,81
1000;184350;2025;23/04/2025;VF;1;PR027;VD011;4;95,11
1000;184351;2025;23/04/2025;VF;1;PR054;VD039;10;97,95
1000;184352;2025;22/04/2025;VF;1;PR050;VD016;4;25,83
1000;184353;2025;22/04/2025;VF;1;PR041;VD027;10;109,80
1000;184354;2025;22/04/2025;VF;1;PR046;VD020;12;650,66
1000;184355;2025;22/04/2025;VF;1;PR039;VD048;12;324,44
2000;184356;2025;22/04/2025;VF;1;PR008;VD033;8;143,84
1000;184356;2025;21/04/2025;VF;2;PR035;VD011;2;34,53
2000;184356;2025;21/04/2025;VF;3;PR026;VD025;16;1057,48
2000;184357;2025;20/04/2025;VF;1;PR059;VD033;20;726,67
1000;184358;2025;20/04/2025;VF;1;PR033;VD035;6;306,10
1000;184359;2025;20/04/2025;VF;1;PR044;VD034;6;81,36
2000;184360;2025;20/04/2025;VF;1;PR050;VD026;1;6,21
1000;184361;2025;20/04/2025;VF;1;PR019;VD010;6;59,88
1000;184362;2025;20/04/2025;VF;1;PR058;VD019;16;538,67
1000;184363;2025;20/04/2025;VF;1;PR024;VD015;5;257,49
2000;184363;2025;20/04/2025;VF;2;PR022;VD049;20;1211,11
1000;184364;2025;19/04/2025;VF;1;PR015;VD010;4;34,31
1000;184365;2025;19/04/2025;VF;1;PR005;VD043;7;353,75
1000;184365;2025;19/04/2025;VF;2;PR048;VD012;2;115,96
1000;184365;2025;19/04/2025;VF;3;PR024;VD025;10;529,43
1000;184366;2025;19/04/2025;VF;1;PR019;VD035;8;77,62
1000;184366;2025;19/04/2025;VF;2;PR029;VD038;9;459,00
1000;184367;2025;18/04/2025;VF;1;PR043;VD045;18;258,58
1000;184368;2025;18/04/2025;VF;1;PR039;VD042;2;58,40
1000;184368;2025;18/04/2025;VF;2;PR003;VD010;9;127,62
2000;184369;2025;18/04/2025;VF;1;PR002;VD042;10;134,62
1000;184370;2025;18/04/2025;VF;1;PR015;VD037;9;77,21
1000;184371;2025;18/04/2025;VF;1;PR017;VD049;6;33,89
1000;184372;2025;18/04/2025;VF;1;PR031;VD021;8;370,22
2000;184373;2025;18/04/2025;VF;1;PR053;VD041;1;10,07
1000;184374;2025;17/04/2025;VF;1;PR016;VD042;6;30,79
1000;184374;2025;17/04/2025;VF;2;PR016;VD048;5;24,46
1000;184374;2025;16/04/2025;VF;3;PR002;VD025;18;239,99
2000;184375;2025;16/04/2025;VF;1;PR039;VD046;8;224,95
1000;184375;2025;16/04/2025;VF;2;PR020;VD017;8;448,74
1000;184376;2025;16/04/2025;VF;1;PR050;VD028;10;63,97
1000;184377;2025;16/04/2025;VF;1;PR018;VD044;2;12,43
1000;184378;2025;16/04/2025;VF;1;PR013;VD035;9;73,15
1000;184379;2025;16/04/2025;VF;1;PR059;VD047;12;428,00
1000;184379;2025;16/04/2025;VF;2;PR027;VD026;1;23,56
1000;184379;2025;16/04/2025;VF;3;PR011;VD026;6;52,63
1000;184380;2025;16/04/2025;VF;1;PR017;VD033;6;34,88
1000;184381;2025;16/04/2025;VF;1;PR003;VD015;3;39,39
1000;184381;2025;15/04/2025;VF;2;PR017;VD017;10;57,03
2000;184381;2025;15/04/2025;VF;3;PR011;VD037;10;91,19
1000;184382;2025;15/04/2025;VF;1;PR031;VD024;4;188,74
1000;184382;2025;14/04/2025;VF;2;PR011;VD030;16;152,86
2000;184382;2025;14/04/2025;VF;3;PR035;VD025;9;164,52
1000;184383;2025;14/04/2025;VF;1;PR043;VD030;20;271,20
1000;184384;2025;14/04/2025;VF;1;PR060;VD017;7;254,33
1000;184385;2025;14/04/2025;VF;1;PR026;VD049;14;943,43
2000;184385;2025;13/04/2025;VF;2;PR040;VD026;1;13,74
1000;184386;2025;13/04/2025;VF;1;PR029;VD024;9;437,75
1000;184386;2025;13/04/2025;VF;2;PR002;VD040;8;105,63
2000;184386;2025;13/04/2025;VF;3;PR016;VD026;10;47,96
1000;184386;2025;13/04/2025;VF;4;PR018;VD029;9;57,03
1000;184387;2025;12/04/2025;VF;1;PR021;VD010;3;173,33
2000;184388;2025;12/04/2025;VF;1;PR004;VD041;12;335,11
2000;184389;2025;12/04/2025;VF;1;PR044;VD039;5;71,83
1000;184390;2025;12/04/2025;VF;1;PR028;VD026;1;48,13
1000;184391;2025;12/04/2025;VF;1;PR024;VD036;2;100,11
1000;184392;2025;12/04/2025;VF;1;PR004;VD020;10;271,20
1000;184393;2025;11/04/2025;VF;1;PR004;VD011;16;468,30
1000;184393;2025;11/04/2025;VF;2;PR007;VD023;4;63,63
2000;184393;2025;11/04/2025;VF;3;PR020;VD015;18;1079,64
1000;184394;2025;11/04/2025;VF;1;PR051;VD046;6;39,48
1000;184395;2025;10/04/2025;VF;1;PR057;VD017;5;84,07
1000;184396;2025;10/04/2025;VF;1;PR035;VD017;12;217,33
1000;184397;2025;10/04/2025;VF;1;PR049;VD023;9;55,93
1000;184398;2025;09/04/2025;VF;1;PR054;VD036;18;176,31
1000;184399;2025;09/04/2025;VF;1;PR056;VD032;2;34,96
2000;184400;2025;09/04/2025;VF;1;PR055;VD025;1;16,65
1000;184401;2025;09/04/2025;VF;1;PR027;VD021;12;288,00
2000;184402;2025;09/04/2025;VF;1;PR013;VD044;4;32,21
1000;184403;2025;08/04/2025;VF;1;PR050;VD024;9;57,58
1000;184403;2025;08/04/2025;VF;2;PR036;VD016;6;104,93
1000;184404;2025;07/04/2025;VF;1;PR005;VD028;10;524,61
1000;184404;2025;07/04/2025;VF;2;PR032;VD035;6;297,22
1000;184405;2025;07/04/2025;VF;1;PR002;VD012;14;192,10
1000;184406;2025;07/04/2025;VF;1;PR015;VD032;10;81,06
1000;184407;2025;07/04/2025;VF;1;PR038;VD021;4;105,85
1000;184408;2025;07/04/2025;VF;1;PR043;VD040;8;107,41
1000;184409;2025;07/04/2025;VF;1;PR060;VD035;8;266,67
1000;184410;2025;07/04/2025;VF;1;PR056;VD045;6;103,89
1000;184410;2025;07/04/2025;VF;2;PR053;VD028;6;57,66
1000;184411;2025;06/04/2025;VF;1;PR015;VD037;2;15,74
1000;184412;2025;06/04/2025;VF;1;PR044;VD043;4;57,46
1000;184413;2025;06/04/2025;VF;1;PR058;VD013;5;176,67
2000;184414;2025;05/04/2025;VF;1;PR006;VD016;7;54,83
1000;184415;2025;05/04/2025;VF;1;PR023;VD021;14;673,80
2000;184416;2025;04/04/2025;VF;1;PR055;VD038;5;83,24
1000;184417;2025;04/04/2025;VF;1;PR006;VD046;7;54,31
2000;184418;2025;04/04/2025;VF;1;PR033;VD049;8;423,54
2000;184418;2025;04/04/2025;VF;2;PR028;VD039;8;392,44
1000;184418;2025;04/04/2025;VF;3;PR047;VD049;2;112,74
1000;184419;2025;04/04/2025;VF;1;PR030;VD040;10;505,36
1000;184420;2025;04/04/2025;VF;1;PR017;VD043;2;11,41
2000;184421;2025;04/04/2025;VF;1;PR018;VD012;16;99,43
1000;184422;2025;03/04/2025;VF;1;PR044;VD023;10;142,31
1000;184423;2025;03/04/2025;VF;1;PR053;VD029;12;116,43
1000;184424;2025;02/04/2025;VF;1;PR025;VD015;7;404,31
1000;184425;2025;02/04/2025;VF;1;PR021;VD030;18;1050,05
1000;184426;2025;02/04/2025;VF;1;PR054;VD026;10;97,03
1000;184426;2025;02/04/2025;VF;2;PR002;VD019;2;28,48
1000;184426;2025;01/04/2025;VF;3;PR022;VD029;6;366,67
1000;184426;2025;01/04/2025;VF;4;PR058;VD024;5;176,67
2000;184427;2025;31/03/2025;VF;1;PR055;VD044;10;179,80
1000;184427;2025;31/03/2025;VF;2;PR027;VD018;4;88,89
1000;184428;2025;31/03/2025;VF;1;PR031;VD046;5;231,39
2000;184429;2025;30/03/2025;VF;1;PR021;VD019;20;1166,73
1000;184429;2025;30/03/2025;VF;2;PR001;VD029;2;25,14
1000;184429;2025;30/03/2025;VF;3;PR055;VD043;4;69,92
1000;184430;2025;29/03/2025;VF;1;PR053;VD033;3;30,49
1000;184430;2025;29/03/2025;VF;2;PR024;VD032;8;404,29
1000;184430;2025;28/03/2025;VF;3;PR042;VD041;16;172,43
1000;184431;2025;28/03/2025;VF;1;PR021;VD032;14;785,30
1000;184432;2025;28/03/2025;VF;1;PR056;VD016;12;217,76
2000;184433;2025;28/03/2025;VF;1;PR006;VD012;14;109,65
1000;184434;2025;27/03/2025;VF;1;PR029;VD043;2;95,39
2000;184435;2025;27/03/2025;VF;1;PR037;VD039;9;247,33
2000;184435;2025;27/03/2025;VF;2;PR028;VD040;2;92,56
1000;184435;2025;27/03/2025;VF;3;PR054;VD012;18;177,98
1000;184436;2025;27/03/2025;VF;1;PR023;VD036;6;280,44
1000;184437;2025;27/03/2025;VF;1;PR041;VD013;9;93,33
2000;184438;2025;27/03/2025;VF;1;PR012;VD015;10;95,99
1000;184439;2025;27/03/2025;VF;1;PR053;VD021;18;166,33
1000;184440;2025;27/03/2025;VF;1;PR038;VD013;2;57,69
1000;184440;2025;26/03/2025;VF;2;PR009;VD022;12;218,83
1000;184441;2025;26/03/2025;VF;1;PR019;VD025;14;130,66
1000;184442;2025;25/03/2025;VF;1;PR029;VD018;1;47,69
1000;184443;2025;25/03/2025;VF;1;PR032;VD018;2;96,30
1000;184443;2025;25/03/2025;VF;2;PR048;VD042;2;108,44
2000;184443;2025;24/03/2025;VF;3;PR044;VD042;8;116,00
1000;184444;2025;24/03/2025;VF;1;PR007;VD019;3;52,02
1000;184445;2025;24/03/2025;VF;1;PR018;VD029;20;132,82
1000;184446;2025;23/03/2025;VF;1;PR017;VD028;9;51,83
1000;184447;2025;23/03/2025;VF;1;PR053;VD014;8;77,62
2000;184448;2025;23/03/2025;VF;1;PR059;VD015;1;33,67
2000;184449;2025;22/03/2025;VF;1;PR014;VD018;16;120,59
1000;184449;2025;22/03/2025;VF;2;PR022;VD032;10;583,33
2000;184450;2025;21/03/2025;VF;1;PR007;VD028;10;159,07
1000;184451;2025;21/03/2025;VF;1;PR035;VD049;8;143,53
2000;184452;2025;20/03/2025;VF;1;PR024;VD037;5;240,65
1000;184453;2025;20/03/2025;VF;1;PR057;VD033;14;240,07
1000;184453;2025;19/03/2025;VF;2;PR047;VD037;3;169,11
1000;184453;2025;19/03/2025;VF;3;PR035;VD042;20;358,83
1000;184453;2025;19/03/2025;VF;4;PR007;VD026;3;50,11
1000;184454;2025;19/03/2025;VF;1;PR002;VD013;5;69,25
1000;184455;2025;19/03/2025;VF;1;PR035;VD036;2;34,19
1000;184456;2025;19/03/2025;VF;1;PR049;VD026;10;64,58
1000;184457;2025;19/03/2025;VF;1;PR048;VD019;14;766,62
2000;184458;2025;19/03/2025;VF;1;PR058;VD029;5;170,00
1000;184459;2025;19/03/2025;VF;1;PR032;VD038;8;385,19
1000;184459;2025;19/03/2025;VF;2;PR009;VD032;20;364,72
1000;184460;2025;19/03/2025;VF;1;PR060;VD032;5;171,67
2000;184460;2025;19/03/2025;VF;2;PR026;VD026;14;979,72
1000;184461;2025;18/03/2025;VF;1;PR012;VD035;16;157,93
1000;184461;2025;18/03/2025;VF;2;PR036;VD046;5;95,23
1000;184461;2025;18/03/2025;VF;3;PR022;VD011;9;525,00
1000;184462;2025;18/03/2025;VF;1;PR030;VD023;8;415,84
1000;184463;2025;18/03/2025;VF;1;PR019;VD039;16;152,29
1000;184464;2025;18/03/2025;VF;1;PR016;VD018;9;45,33
1000;184464;2025;18/03/2025;VF;2;PR014;VD027;10;76,11
1000;184465;2025;18/03/2025;VF;1;PR044;VD025;14;206,76
1000;184466;2025;17/03/2025;VF;1;PR014;VD024;5;37,68
1000;184467;2025;17/03/2025;VF;1;PR019;VD043;12;112,00
2000;184467;2025;16/03/2025;VF;2;PR003;VD039;5;65,65
1000;184467;2025;16/03/2025;VF;3;PR054;VD019;4;40,29
1000;184468;2025;16/03/2025;VF;1;PR003;VD030;5;71,56
1000;184469;2025;15/03/2025;VF;1;PR033;VD025;2;102,04
1000;184470;2025;15/03/2025;VF;1;PR054;VD028;5;50,82
1000;184471;2025;14/03/2025;VF;1;PR050;VD043;4;24,61
1000;184472;2025;14/03/2025;VF;1;PR029;VD021;6;311,67
2000;184473;2025;14/03/2025;VF;1;PR057;VD033;6;104,88
1000;184474;2025;14/03/2025;VF;1;PR006;VD028;16;127,68
1000;184474;2025;14/03/2025;VF;2;PR006;VD032;8;64,43
1000;184474;2025;14/03/2025;VF;3;PR014;VD028;7;53,79
1000;184474;2025;13/03/2025;VF;4;PR027;VD042;8;177,78
1000;184475;2025;13/03/2025;VF;1;PR004;VD012;4;114,93
1000;184476;2025;12/03/2025;VF;1;PR020;VD018;10;577,59
1000;184477;2025;12/03/2025;VF;1;PR004;VD032;14;402,24
1000;184478;2025;12/03/2025;VF;1;PR014;VD036;3;23,05
1000;184479;2025;12/03/2025;VF;1;PR033;VD011;12;583,33
2000;184480;2025;12/03/2025;VF;1;PR049;VD021;5;30,46
1000;184481;2025;12/03/2025;VF;1;PR021;VD045;16;942,36
2000;184481;2025;12/03/2025;VF;2;PR018;VD017;8;49,71
1000;184482;2025;11/03/2025;VF;1;PR038;VD028;6;168,30
2000;184482;2025;11/03/2025;VF;2;PR037;VD019;5;130,93
1000;184483;2025;10/03/2025;VF;1;PR041;VD024;10;106,75
1000;184484;2025;10/03/2025;VF;1;PR014;VD034;6;48,32
1000;184485;2025;10/03/2025;VF;1;PR002;VD041;8;112,88
1000;184486;2025;10/03/2025;VF;1;PR023;VD035;6;297,10
1000;184487;2025;10/03/2025;VF;1;PR008;VD043;8;134,52
2000;184488;2025;10/03/2025;VF;1;PR053;VD037;8;76,88
2000;184489;2025;10/03/2025;VF;1;PR014;VD026;3;23,94
1000;184490;2025;10/03/2025;VF;1;PR028;VD015;2;100,89
2000;184491;2025;10/03/2025;VF;1;PR059;VD028;8;266,67
1000;184492;2025;09/03/2025;VF;1;PR053;VD031;6;60,99
2000;184493;2025;09/03/2025;VF;1;PR005;VD046;14;680,55
1000;184494;2025;09/03/2025;VF;1;PR016;VD047;6;29,35
1000;184495;2025;09/03/2025;VF;1;PR019;VD023;8;75,40
1000;184496;2025;08/03/2025;VF;1;PR049;VD028;2;12,92
1000;184496;2025;08/03/2025;VF;2;PR036;VD043;4;70,64
1000;184497;2025;07/03/2025;VF;1;PR027;VD019;1;22,67
1000;184498;2025;07/03/2025;VF;1;PR028;VD020;14;654,37
1000;184499;2025;07/03/2025;VF;1;PR022;VD010;20;1122,22
2000;184500;2025;07/03/2025;VF;1;PR059;VD010;8;293,33
1000;184501;2025;06/03/2025;VF;1;PR059;VD029;18;660,00
1000;184501;2025;06/03/2025;VF;2;PR056;VD011;12;207,77
1000;184502;2025;06/03/2025;VF;1;PR033;VD027;6;314,77
1000;184502;2025;05/03/2025;VF;2;PR021;VD038;2;112,19
1000;184503;2025;05/03/2025;VF;1;PR045;VD018;6;82,17
1000;184504;2025;05/03/2025;VF;1;PR055;VD019;6;103,89
1000;184504;2025;05/03/2025;VF;2;PR017;VD013;9;52,33
1000;184504;2025;04/03/2025;VF;3;PR039;VD040;4;111,39
2000;184505;2025;04/03/2025;VF;1;PR060;VD037;10;336,67
1000;184506;2025;03/03/2025;VF;1;PR029;VD013;7;363,61
2000;184507;2025;03/03/2025;VF;1;PR009;VD011;14;252,89
1000;184507;2025;03/03/2025;VF;2;PR050;VD033;6;38,02
1000;184508;2025;03/03/2025;VF;1;PR004;VD021;8;234,15
1000;184508;2025;03/03/2025;VF;2;PR017;VD045;9;49,83
2000;184508;2025;02/03/2025;VF;3;PR054;VD049;8;74,66
1000;184509;2025;02/03/2025;VF;1;PR028;VD033;8;392,44
1000;184510;2025;01/03/2025;VF;1;PR037;VD024;6;171,11
1000;184511;2025;01/03/2025;VF;1;PR011;VD012;3;26,58
2000;184511;2025;01/03/2025;VF;2;PR047;VD037;6;335,00
1000;184512;2025;28/02/2025;VF;1;PR036;VD027;7;128,48
1000;184513;2025;28/02/2025;VF;1;PR027;VD034;6;133,33
1000;184514;2025;27/02/2025;VF;1;PR018;VD017;8;49,71
1000;184514;2025;27/02/2025;VF;2;PR043;VD038;14;191,72
1000;184514;2025;27/02/2025;VF;3;PR023;VD046;12;566,44
1000;184515;2025;26/02/2025;VF;1;PR014;VD019;18;133,00
1000;184515;2025;26/02/2025;VF;2;PR028;VD029;9;445,66
1000;184516;2025;25/02/2025;VF;1;PR054;VD015;2;18,67
1000;184517;2025;25/02/2025;VF;1;PR010;VD018;10;88,14
1000;184518;2025;25/02/2025;VF;1;PR042;VD026;3;30,50
1000;184518;2025;25/02/2025;VF;2;PR039;VD044;2;57,86
2000;184519;2025;25/02/2025;VF;1;PR010;VD047;2;16,96
1000;184520;2025;25/02/2025;VF;1;PR046;VD024;10;563,69
2000;184521;2025;25/02/2025;VF;1;PR059;VD019;7;238,00
1000;184522;2025;25/02/2025;VF;1;PR048;VD034;20;1138,13
1000;184523;2025;24/02/2025;VF;1;PR047;VD048;10;585,17
1000;184524;2025;24/02/2025;VF;1;PR029;VD014;9;433,50
1000;184524;2025;24/02/2025;VF;2;PR053;VD043;6;55,44
1000;184524;2025;23/02/2025;VF;3;PR005;VD047;2;103,00
1000;184524;2025;23/02/2025;VF;4;PR039;VD020;2;54,07
1000;184525;2025;22/02/2025;VF;1;PR031;VD031;8;388,37
1000;184526;2025;22/02/2025;VF;1;PR056;VD022;10;178,14
2000;184527;2025;22/02/2025;VF;1;PR018;VD025;2;13,04
1000;184528;2025;22/02/2025;VF;1;PR055;VD020;10;171,48
1000;184529;2025;21/02/2025;VF;1;PR047;VD046;2;108,44
1000;184530;2025;21/02/2025;VF;1;PR027;VD044;8;184,89
1000;184531;2025;21/02/2025;VF;1;PR047;VD029;5;276,48
2000;184532;2025;21/02/2025;VF;1;PR022;VD021;2;117,78
1000;184532;2025;20/02/2025;VF;2;PR050;VD010;16;106,26
2000;184533;2025;20/02/2025;VF;1;PR019;VD030;18;172,99
1000;184533;2025;20/02/2025;VF;2;PR030;VD043;18;909,65
2000;184534;2025;20/02/2025;VF;1;PR030;VD021;12;589,11
1000;184534;2025;20/02/2025;VF;2;PR026;VD043;10;693,32
1000;184535;2025;19/02/2025;VF;1;PR025;VD021;16;959,68
1000;184535;2025;19/02/2025;VF;2;PR039;VD019;20;562,37
1000;184536;2025;19/02/2025;VF;1;PR046;VD022;4;216,89
1000;184536;2025;19/02/2025;VF;2;PR043;VD016;20;295,37
1000;184536;2025;19/02/2025;VF;3;PR048;VD023;3;164,28
1000;184536;2025;19/02/2025;VF;4;PR039;VD025;10;283,89
1000;184537;2025;19/02/2025;VF;1;PR060;VD030;9;318,00
1000;184538;2025;19/02/2025;VF;1;PR053;VD043;5;47,13
1000;184538;2025;18/02/2025;VF;2;PR057;VD034;2;35,96
1000;184538;2025;18/02/2025;VF;3;PR031;VD046;5;245,00
1000;184539;2025;18/02/2025;VF;1;PR025;VD033;10;572,03
1000;184540;2025;18/02/2025;VF;1;PR052;VD011;4;39,55
1000;184541;2025;17/02/2025;VF;1;PR001;VD037;6;73,95
2000;184542;2025;17/02/2025;VF;1;PR004;VD041;18;531,67
1000;184543;2025;17/02/2025;VF;1;PR038;VD010;5;132,31
1000;184543;2025;16/02/2025;VF;2;PR007;VD011;2;33,41
1000;184544;2025;16/02/2025;VF;1;PR018;VD036;10;65,80
1000;184545;2025;16/02/2025;VF;1;PR039;VD026;10;281,19
1000;184546;2025;15/02/2025;VF;1;PR022;VD041;9;520,00
1000;184547;2025;15/02/2025;VF;1;PR007;VD020;18;300,65
2000;184547;2025;15/02/2025;VF;2;PR059;VD036;8;280,00
1000;184547;2025;15/02/2025;VF;3;PR006;VD038;12;97,53
1000;184547;2025;14/02/2025;VF;4;PR017;VD013;9;52,82
1000;184548;2025;14/02/2025;VF;1;PR015;VD032;3;25,97
1000;184548;2025;13/02/2025;VF;2;PR051;VD041;12;77,50
1000;184548;2025;13/02/2025;VF;3;PR028;VD011;16;784,87
1000;184548;2025;13/02/2025;VF;4;PR052;VD043;6;60,99
1000;184548;2025;13/02/2025;VF;5;PR026;VD045;4;279,92
1000;184548;2025;13/02/2025;VF;6;PR007;VD043;20;321,33
1000;184549;2025;13/02/2025;VF;1;PR031;VD026;16;776,74
1000;184549;2025;13/02/2025;VF;2;PR002;VD030;16;207,11
1000;184549;2025;13/02/2025;VF;3;PR028;VD023;7;336,90
1000;184550;2025;13/02/2025;VF;1;PR042;VD042;3;33,24
1000;184551;2025;13/02/2025;VF;1;PR016;VD028;20;102,64
1000;184551;2025;13/02/2025;VF;2;PR029;VD032;14;680,94
1000;184551;2025;13/02/2025;VF;3;PR005;VD043;6;294,55
1000;184552;2025;13/02/2025;VF;1;PR036;VD016;9;160,51
1000;184552;2025;12/02/2025;VF;2;PR011;VD024;8;72,26
1000;184553;2025;12/02/2025;VF;1;PR042;VD029;7;72,59
1000;184554;2025;12/02/2025;VF;1;PR024;VD036;5;255,09
1000;184554;2025;12/02/2025;VF;2;PR055;VD042;10;166,48
1000;184554;2025;12/02/2025;VF;3;PR031;VD039;7;339,82
1000;184554;2025;12/02/2025;VF;4;PR051;VD011;4;24,37
1000;184555;2025;12/02/2025;VF;1;PR007;VD021;2;31,81
1000;184556;2025;11/02/2025;VF;1;PR018;VD016;8;53,13
1000;184557;2025;11/02/2025;VF;1;PR014;VD045;3;23,94
1000;184558;2025;11/02/2025;VF;1;PR024;VD041;10;510,17
1000;184558;2025;11/02/2025;VF;2;PR031;VD049;10;490,00
1000;184559;2025;10/02/2025;VF;1;PR021;VD021;2;115,55
2000;184559;2025;10/02/2025;VF;2;PR012;VD046;4;39,84
1000;184559;2025;09/02/2025;VF;3;PR037;VD027;10;267,04
1000;184559;2025;09/02/2025;VF;4;PR051;VD017;8;51,18
1000;184560;2025;09/02/2025;VF;1;PR016;VD033;14;67,15
1000;184560;2025;09/02/2025;VF;2;PR019;VD031;20;203,30
1000;184560;2025;08/02/2025;VF;3;PR018;VD029;6;40,21
1000;184560;2025;08/02/2025;VF;4;PR045;VD021;20;273,89
1000;184561;2025;08/02/2025;VF;1;PR020;VD013;12;666,44
1000;184562;2025;08/02/2025;VF;1;PR049;VD022;14;89,56
1000;184563;2025;08/02/2025;VF;1;PR048;VD026;1;56,37
2000;184564;2025;08/02/2025;VF;1;PR060;VD033;8;282,67
1000;184565;2025;08/02/2025;VF;1;PR021;VD016;18;1029,86
1000;184566;2025;08/02/2025;VF;1;PR035;VD049;16;289,77
1000;184567;2025;08/02/2025;VF;1;PR012;VD036;2;18,29
1000;184567;2025;07/02/2025;VF;2;PR018;VD046;2;12,31
1000;184568;2025;07/02/2025;VF;1;PR057;VD042;6;106,88
1000;184569;2025;07/02/2025;VF;1;PR018;VD046;2;13,16
1000;184569;2025;07/02/2025;VF;2;PR053;VD039;14;141,01
1000;184570;2025;07/02/2025;VF;1;PR053;VD029;9;88,99
1000;184571;2025;07/02/2025;VF;1;PR004;VD049;2;56,93
2000;184571;2025;07/02/2025;VF;2;PR005;VD036;4;194,44
1000;184572;2025;07/02/2025;VF;1;PR030;VD018;5;259,90
2000;184573;2025;07/02/2025;VF;1;PR013;VD015;6;47,88
1000;184574;2025;07/02/2025;VF;1;PR007;VD029;9;150,33
1000;184575;2025;07/02/2025;VF;1;PR035;VD040;3;51,79
1000;184575;2025;06/02/2025;VF;2;PR030;VD010;20;981,84
1000;184576;2025;06/02/2025;VF;1;PR018;VD046;14;87,86
1000;184577;2025;06/02/2025;VF;1;PR016;VD044;16;79,81
1000;184578;2025;06/02/2025;VF;1;PR030;VD032;16;847,08
1000;184579;2025;06/02/2025;VF;1;PR056;VD018;20;339,62
1000;184579;2025;06/02/2025;VF;2;PR037;VD048;12;326,67
1000;184580;2025;06/02/2025;VF;1;PR031;VD032;14;635,19
2000;184580;2025;05/02/2025;VF;2;PR016;VD027;6;31,66
1000;184581;2025;05/02/2025;VF;1;PR054;VD032;6;60,99
1000;184582;2025;04/02/2025;VF;1;PR035;VD038;2;35,21
1000;184582;2025;04/02/2025;VF;2;PR014;VD016;1;7,83
1000;184583;2025;04/02/2025;VF;1;PR009;VD031;16;280,76
1000;184584;2025;03/02/2025;VF;1;PR053;VD036;18;177,98
1000;184585;2025;03/02/2025;VF;1;PR051;VD038;8;50,20
1000;184585;2025;03/02/2025;VF;2;PR006;VD035;5;39,90
1000;184586;2025;03/02/2025;VF;1;PR046;VD040;2;113,81
1000;184587;2025;03/02/2025;VF;1;PR001;VD020;12;149,37
1000;184587;2025;03/02/2025;VF;2;PR022;VD036;4;224,44
1000;184588;2025;03/02/2025;VF;1;PR012;VD036;20;182,92
1000;184589;2025;03/02/2025;VF;1;PR031;VD044;4;192,37
1000;184590;2025;03/02/2025;VF;1;PR052;VD044;16;150,81
1000;184591;2025;03/02/2025;VF;1;PR005;VD027;3;150,16
2000;184592;2025;03/02/2025;VF;1;PR037;VD045;9;256,67
1000;184592;2025;02/02/2025;VF;2;PR014;VD036;10;76,84
1000;184593;2025;02/02/2025;VF;1;PR013;VD036;16;124,13
2000;184593;2025;02/02/2025;VF;2;PR001;VD030;20;263,60
1000;184594;2025;02/02/2025;VF;1;PR029;VD024;4;196,44
1000;184595;2025;01/02/2025;VF;1;PR008;VD014;10;166,48
1000;184596;2025;01/02/2025;VF;1;PR004;VD042;2;55,85
1000;184596;2025;01/02/2025;VF;2;PR007;VD045;14;227,16
1000;184597;2025;01/02/2025;VF;1;PR060;VD011;10;356,67
1000;184598;2025;01/02/2025;VF;1;PR057;VD036;10;181,46
1000;184599;2025;31/01/2025;VF;1;PR036;VD017;10;181,81
1000;184599;2025;31/01/2025;VF;2;PR045;VD019;4;54,24
1000;184600;2025;31/01/2025;VF;1;PR058;VD029;18;636,00
1000;184600;2025;31/01/2025;VF;2;PR010;VD046;14;123,39
1000;184601;2025;30/01/2025;VF;1;PR036;VD017;5;90,04
1000;184602;2025;30/01/2025;VF;1;PR014;VD048;4;31,92
1000;184603;2025;30/01/2025;VF;1;PR041;VD042;2;22,37
1000;184604;2025;30/01/2025;VF;1;PR019;VD034;7;69,21
1000;184605;2025;30/01/2025;VF;1;PR024;VD048;3;147,28
1000;184606;2025;29/01/2025;VF;1;PR044;VD046;14;195,48
1000;184607;2025;29/01/2025;VF;1;PR042;VD048;7;74,01
2000;184607;2025;29/01/2025;VF;2;PR014;VD017;10;81,28
1000;184608;2025;29/01/2025;VF;1;PR015;VD022;6;48,64
1000;184609;2025;29/01/2025;VF;1;PR025;VD034;4;239,92
1000;184610;2025;29/01/2025;VF;1;PR001;VD022;9;118,62
1000;184611;2025;29/01/2025;VF;1;PR013;VD019;20;161,08
1000;184612;2025;29/01/2025;VF;1;PR058;VD042;3;107,00
2000;184613;2025;29/01/2025;VF;1;PR053;VD022;4;40,29
1000;184614;2025;29/01/2025;VF;1;PR047;VD025;2;117,03
1000;184615;2025;29/01/2025;VF;1;PR044;VD026;7;96,80
1000;184616;2025;29/01/2025;VF;1;PR050;VD039;12;76,04
1000;184616;2025;29/01/2025;VF;2;PR042;VD040;8;82,96
2000;184616;2025;28/01/2025;VF;3;PR003;VD038;2;26,52
1000;184617;2025;28/01/2025;VF;1;PR010;VD025;6;50,89
1000;184618;2025;28/01/2025;VF;1;PR043;VD013;6;81,36
1000;184619;2025;27/01/2025;VF;1;PR012;VD035;6;54,33
1000;184620;2025;27/01/2025;VF;1;PR007;VD017;12;208,07
1000;184621;2025;27/01/2025;VF;1;PR042;VD021;14;146,60
1000;184622;2025;27/01/2025;VF;1;PR035;VD033;4;72,44
1000;184622;2025;27/01/2025;VF;2;PR040;VD027;16;217,78
1000;184623;2025;27/01/2025;VF;1;PR027;VD022;6;141,33
1000;184624;2025;27/01/2025;VF;1;PR006;VD020;7;51,72
1000;184625;2025;26/01/2025;VF;1;PR005;VD018;18;918,31
1000;184625;2025;26/01/2025;VF;2;PR046;VD034;20;1159,60
1000;184626;2025;26/01/2025;VF;1;PR001;VD041;10;130,58
1000;184626;2025;26/01/2025;VF;2;PR037;VD028;12;311,11
1000;184627;2025;26/01/2025;VF;1;PR036;VD038;4;72,03
1000;184628;2025;26/01/2025;VF;1;PR035;VD018;6;101,56
1000;184629;2025;25/01/2025;VF;1;PR057;VD014;3;52,94
2000;184630;2025;25/01/2025;VF;1;PR033;VD043;20;1058,85
1000;184631;2025;25/01/2025;VF;1;PR041;VD022;6;64,05
1000;184632;2025;24/01/2025;VF;1;PR010;VD030;4;33,92
1000;184633;2025;24/01/2025;VF;1;PR026;VD010;16;1130,05
1000;184634;2025;23/01/2025;VF;1;PR052;VD043;1;10,16
1000;184635;2025;23/01/2025;VF;1;PR015;VD041;4;34,63
2000;184636;2025;22/01/2025;VF;1;PR034;VD020;3;50,44
1000;184637;2025;22/01/2025;VF;1;PR013;VD044;2;15,66
2000;184638;2025;21/01/2025;VF;1;PR054;VD031;6;56,55
1000;184639;2025;21/01/2025;VF;1;PR005;VD039;10;519,80
1000;184640;2025;21/01/2025;VF;1;PR046;VD027;14;811,72
2000;184640;2025;21/01/2025;VF;2;PR019;VD015;9;89,82
1000;184641;2025;20/01/2025;VF;1;PR047;VD026;2;112,74
1000;184642;2025;20/01/2025;VF;1;PR058;VD037;16;581,33
1000;184643;2025;20/01/2025;VF;1;PR030;VD035;8;423,54
2000;184644;2025;20/01/2025;VF;1;PR031;VD043;20;934,63
2000;184645;2025;20/01/2025;VF;1;PR013;VD034;4;31,03
1000;184646;2025;19/01/2025;VF;1;PR036;VD039;7;130,90
1000;184647;2025;19/01/2025;VF;1;PR050;VD025;9;56,48
1000;184648;2025;19/01/2025;VF;1;PR055;VD040;20;356,27
1000;184649;2025;19/01/2025;VF;1;PR007;VD012;16;272,34
1000;184650;2025;19/01/2025;VF;1;PR002;VD042;10;132,03
1000;184651;2025;19/01/2025;VF;1;PR030;VD013;12;577,56
2000;184652;2025;19/01/2025;VF;1;PR060;VD027;14;466,67
1000;184653;2025;19/01/2025;VF;1;PR040;VD039;7;93,46
1000;184654;2025;19/01/2025;VF;1;PR052;VD016;7;67,27
1000;184654;2025;19/01/2025;VF;2;PR057;VD035;2;34,96
1000;184655;2025;18/01/2025;VF;1;PR019;VD031;9;88,99
1000;184656;2025;18/01/2025;VF;1;PR049;VD044;2;13,04
1000;184657;2025;18/01/2025;VF;1;PR017;VD033;4;24,36
2000;184657;2025;18/01/2025;VF;2;PR034;VD015;6;100,89
1000;184658;2025;18/01/2025;VF;1;PR048;VD043;9;502,49
1000;184659;2025;18/01/2025;VF;1;PR004;VD037;5;134,26
2000;184660;2025;17/01/2025;VF;1;PR059;VD049;5;175,00
1000;184661;2025;17/01/2025;VF;1;PR005;VD018;20;1058,85
2000;184662;2025;17/01/2025;VF;1;PR050;VD010;10;63,36
1000;184663;2025;17/01/2025;VF;1;PR033;VD042;8;385,04
1000;184664;2025;17/01/2025;VF;1;PR038;VD027;14;385,30
1000;184664;2025;17/01/2025;VF;2;PR032;VD034;7;353,24
1000;184665;2025;16/01/2025;VF;1;PR042;VD012;2;20,33
1000;184666;2025;16/01/2025;VF;1;PR017;VD018;20;121,81
1000;184667;2025;16/01/2025;VF;1;PR037;VD013;10;261,85
1000;184668;2025;16/01/2025;VF;1;PR041;VD021;8;82,15
2000;184669;2025;15/01/2025;VF;1;PR039;VD032;8;224,95
1000;184670;2025;15/01/2025;VF;1;PR043;VD026;2;28,19
1000;184670;2025;15/01/2025;VF;2;PR046;VD038;8;468,14
1000;184671;2025;15/01/2025;VF;1;PR006;VD030;8;62,07
1000;184672;2025;15/01/2025;VF;1;PR052;VD032;1;9,33
1000;184673;2025;15/01/2025;VF;1;PR057;VD038;2;36,63
1000;184674;2025;14/01/2025;VF;1;PR056;VD020;6;108,88
1000;184674;2025;14/01/2025;VF;2;PR024;VD049;3;150,16
1000;184675;2025;14/01/2025;VF;1;PR036;VD021;2;36,71
2000;184676;2025;14/01/2025;VF;1;PR024;VD031;4;204,07
2000;184677;2025;13/01/2025;VF;1;PR011;VD019;20;173,70
2000;184678;2025;13/01/2025;VF;1;PR019;VD012;10;98,88
2000;184679;2025;13/01/2025;VF;1;PR058;VD019;7;256,67
1000;184680;2025;12/01/2025;VF;1;PR034;VD039;16;282,35
1000;184681;2025;12/01/2025;VF;1;PR043;VD046;3;42,69
1000;184682;2025;12/01/2025;VF;1;PR052;VD045;3;30,22
1000;184683;2025;12/01/2025;VF;1;PR054;VD041;12;115,32
1000;184684;2025;12/01/2025;VF;1;PR059;VD014;7;242,67
1000;184685;2025;11/01/2025;VF;1;PR020;VD036;20;1177,39
1000;184685;2025;11/01/2025;VF;2;PR017;VD027;12;72,42
1000;184686;2025;11/01/2025;VF;1;PR049;VD039;4;25,83
2000;184687;2025;11/01/2025;VF;1;PR034;VD017;8;135,85
2000;184688;2025;10/01/2025;VF;1;PR045;VD045;14;189,84
2000;184688;2025;10/01/2025;VF;2;PR018;VD018;4;25,83
2000;184688;2025;10/01/2025;VF;3;PR008;VD016;6;99,89
1000;184689;2025;10/01/2025;VF;1;PR013;VD036;3;23,05
1000;184690;2025;10/01/2025;VF;1;PR055;VD016;9;163,32
1000;184691;2025;09/01/2025;VF;1;PR037;VD048;1;28,52
2000;184692;2025;09/01/2025;VF;1;PR036;VD029;8;138,52
1000;184693;2025;09/01/2025;VF;1;PR008;VD013;20;336,29
1000;184694;2025;08/01/2025;VF;1;PR056;VD032;10;178,14
1000;184694;2025;08/01/2025;VF;2;PR033;VD012;8;396,59
1000;184695;2025;08/01/2025;VF;1;PR001;VD036;2;25,87
1000;184695;2025;08/01/2025;VF;2;PR007;VD022;4;64,90
1000;184695;2025;08/01/2025;VF;3;PR056;VD010;20;352,94
1000;184695;2025;07/01/2025;VF;4;PR055;VD025;10;176,47
2000;184696;2025;07/01/2025;VF;1;PR055;VD030;2;35,29